"from"	"to"	"source"	"database"
"Tgfb1"	"TGFbR1_R2"	"TGFb"	"cellchat"
"Tgfb2"	"TGFbR1_R2"	"TGFb"	"cellchat"
"Tgfb3"	"TGFbR1_R2"	"TGFb"	"cellchat"
"Tgfb1"	"ACVR1B_TGFbR2"	"TGFb"	"cellchat"
"Tgfb1"	"ACVR1C_TGFbR2"	"TGFb"	"cellchat"
"Tgfb2"	"ACVR1B_TGFbR2"	"TGFb"	"cellchat"
"Tgfb2"	"ACVR1C_TGFbR2"	"TGFb"	"cellchat"
"Tgfb3"	"ACVR1B_TGFbR2"	"TGFb"	"cellchat"
"Tgfb3"	"ACVR1C_TGFbR2"	"TGFb"	"cellchat"
"Tgfb1"	"ACVR1_TGFbR"	"TGFb"	"cellchat"
"Tgfb2"	"ACVR1_TGFbR"	"TGFb"	"cellchat"
"Tgfb3"	"ACVR1_TGFbR"	"TGFb"	"cellchat"
"Bmp2"	"BMPR1A_ACVR2A"	"BMP"	"cellchat"
"Bmp2"	"BMPR1A_ACVR2B"	"BMP"	"cellchat"
"Bmp2"	"BMPR1A_BMPR2"	"BMP"	"cellchat"
"Bmp2"	"BMPR1B_ACVR2A"	"BMP"	"cellchat"
"Bmp2"	"BMPR1B_ACVR2B"	"BMP"	"cellchat"
"Bmp2"	"BMPR1B_BMPR2"	"BMP"	"cellchat"
"Bmp4"	"BMPR1A_ACVR2A"	"BMP"	"cellchat"
"Bmp4"	"BMPR1A_ACVR2B"	"BMP"	"cellchat"
"Bmp4"	"BMPR1A_BMPR2"	"BMP"	"cellchat"
"Bmp4"	"BMPR1B_ACVR2A"	"BMP"	"cellchat"
"Bmp4"	"BMPR1B_ACVR2B"	"BMP"	"cellchat"
"Bmp4"	"BMPR1B_BMPR2"	"BMP"	"cellchat"
"Gdf5"	"BMPR1A_ACVR2A"	"BMP"	"cellchat"
"Gdf5"	"BMPR1A_ACVR2B"	"BMP"	"cellchat"
"Gdf5"	"BMPR1A_BMPR2"	"BMP"	"cellchat"
"Gdf5"	"BMPR1B_ACVR2A"	"BMP"	"cellchat"
"Gdf5"	"BMPR1B_ACVR2B"	"BMP"	"cellchat"
"Gdf5"	"BMPR1B_BMPR2"	"BMP"	"cellchat"
"Gdf6"	"BMPR1A_ACVR2A"	"BMP"	"cellchat"
"Gdf6"	"BMPR1A_ACVR2B"	"BMP"	"cellchat"
"Gdf6"	"BMPR1A_BMPR2"	"BMP"	"cellchat"
"Gdf6"	"BMPR1B_ACVR2A"	"BMP"	"cellchat"
"Gdf6"	"BMPR1B_ACVR2B"	"BMP"	"cellchat"
"Gdf6"	"BMPR1B_BMPR2"	"BMP"	"cellchat"
"Gdf7"	"BMPR1A_ACVR2A"	"BMP"	"cellchat"
"Gdf7"	"BMPR1A_ACVR2B"	"BMP"	"cellchat"
"Gdf7"	"BMPR1A_BMPR2"	"BMP"	"cellchat"
"Gdf7"	"BMPR1B_ACVR2A"	"BMP"	"cellchat"
"Gdf7"	"BMPR1B_ACVR2B"	"BMP"	"cellchat"
"Gdf7"	"BMPR1B_BMPR2"	"BMP"	"cellchat"
"Bmp15"	"BMPR1B_BMPR2"	"BMP"	"cellchat"
"Bmp5"	"ACVR1_ACVR2A"	"BMP"	"cellchat"
"Bmp5"	"ACVR1_ACVR2B"	"BMP"	"cellchat"
"Bmp5"	"ACVR1_BMPR2"	"BMP"	"cellchat"
"Bmp5"	"BMPR1A_ACVR2A"	"BMP"	"cellchat"
"Bmp5"	"BMPR1A_ACVR2B"	"BMP"	"cellchat"
"Bmp5"	"BMPR1A_BMPR2"	"BMP"	"cellchat"
"Bmp5"	"BMPR1B_ACVR2A"	"BMP"	"cellchat"
"Bmp5"	"BMPR1B_ACVR2B"	"BMP"	"cellchat"
"Bmp5"	"BMPR1B_BMPR2"	"BMP"	"cellchat"
"Bmp6"	"ACVR1_ACVR2A"	"BMP"	"cellchat"
"Bmp6"	"ACVR1_ACVR2B"	"BMP"	"cellchat"
"Bmp6"	"ACVR1_BMPR2"	"BMP"	"cellchat"
"Bmp6"	"BMPR1A_ACVR2A"	"BMP"	"cellchat"
"Bmp6"	"BMPR1A_ACVR2B"	"BMP"	"cellchat"
"Bmp6"	"BMPR1A_BMPR2"	"BMP"	"cellchat"
"Bmp6"	"BMPR1B_ACVR2A"	"BMP"	"cellchat"
"Bmp6"	"BMPR1B_ACVR2B"	"BMP"	"cellchat"
"Bmp6"	"BMPR1B_BMPR2"	"BMP"	"cellchat"
"Bmp7"	"ACVR1_ACVR2A"	"BMP"	"cellchat"
"Bmp7"	"ACVR1_ACVR2B"	"BMP"	"cellchat"
"Bmp7"	"ACVR1_BMPR2"	"BMP"	"cellchat"
"Bmp7"	"BMPR1A_ACVR2A"	"BMP"	"cellchat"
"Bmp7"	"BMPR1A_ACVR2B"	"BMP"	"cellchat"
"Bmp7"	"BMPR1A_BMPR2"	"BMP"	"cellchat"
"Bmp7"	"BMPR1B_ACVR2A"	"BMP"	"cellchat"
"Bmp7"	"BMPR1B_ACVR2B"	"BMP"	"cellchat"
"Bmp7"	"BMPR1B_BMPR2"	"BMP"	"cellchat"
"Bmp8a"	"ACVR1_ACVR2A"	"BMP"	"cellchat"
"Bmp8a"	"ACVR1_ACVR2B"	"BMP"	"cellchat"
"Bmp8a"	"ACVR1_BMPR2"	"BMP"	"cellchat"
"Bmp8a"	"BMPR1A_ACVR2A"	"BMP"	"cellchat"
"Bmp8a"	"BMPR1A_ACVR2B"	"BMP"	"cellchat"
"Bmp8a"	"BMPR1A_BMPR2"	"BMP"	"cellchat"
"Bmp8a"	"BMPR1B_ACVR2A"	"BMP"	"cellchat"
"Bmp8a"	"BMPR1B_ACVR2B"	"BMP"	"cellchat"
"Bmp8a"	"BMPR1B_BMPR2"	"BMP"	"cellchat"
"Bmp8b"	"ACVR1_ACVR2A"	"BMP"	"cellchat"
"Bmp8b"	"ACVR1_ACVR2B"	"BMP"	"cellchat"
"Bmp8b"	"ACVR1_BMPR2"	"BMP"	"cellchat"
"Bmp8b"	"BMPR1A_ACVR2A"	"BMP"	"cellchat"
"Bmp8b"	"BMPR1A_ACVR2B"	"BMP"	"cellchat"
"Bmp8b"	"BMPR1A_BMPR2"	"BMP"	"cellchat"
"Bmp8b"	"BMPR1B_ACVR2A"	"BMP"	"cellchat"
"Bmp8b"	"BMPR1B_ACVR2B"	"BMP"	"cellchat"
"Bmp8b"	"BMPR1B_BMPR2"	"BMP"	"cellchat"
"Bmp10"	"ACVRL1_BMPR2"	"BMP10"	"cellchat"
"Bmp10"	"ACVRL1_ACVR2A"	"BMP10"	"cellchat"
"Gdf2"	"ACVRL1_BMPR2"	"BMP10"	"cellchat"
"Gdf2"	"ACVRL1_ACVR2A"	"BMP10"	"cellchat"
"Gdf9"	"ACVR1B_BMPR2"	"GDF"	"cellchat"
"Gdf10"	"ACVR1B_ACVR2A"	"GDF"	"cellchat"
"Gdf11"	"TGFBR1_ACVR2A"	"GDF"	"cellchat"
"Gdf11"	"TGFBR1_ACVR2B"	"GDF"	"cellchat"
"Gdf11"	"ACVR1B_ACVR2B"	"GDF"	"cellchat"
"Gdf15"	"Tgfbr2"	"GDF"	"cellchat"
"Mstn"	"TGFBR1_ACVR2B"	"MSTN"	"cellchat"
"Mstn"	"ACVR1B_ACVR2B"	"MSTN"	"cellchat"
"Mstn"	"ACVR1B_ACVR2A"	"MSTN"	"cellchat"
"Mstn"	"TGFBR1_ACVR2A"	"MSTN"	"cellchat"
"Amh"	"AMHR2_ACVR1"	"AMH"	"cellchat"
"Amh"	"AMHR2_BMPR1A"	"AMH"	"cellchat"
"Gdnf"	"GFRA1_RET"	"GDNF"	"cellchat"
"Nrtn"	"GFRA2_RET"	"GDNF"	"cellchat"
"Artn"	"GFRA3_RET"	"GDNF"	"cellchat"
"Pspn"	"GFRA4_RET"	"GDNF"	"cellchat"
"Artn"	"GFRA1_RET"	"GDNF"	"cellchat"
"Nodal"	"ACVR1B_ACVR2A_CFC1"	"NODAL"	"cellchat"
"Nodal"	"ACVR1C_ACVR2A_CFC1"	"NODAL"	"cellchat"
"Nodal"	"ACVR1B_ACVR2B_CFC1"	"NODAL"	"cellchat"
"Nodal"	"ACVR1C_ACVR2B_CFC1"	"NODAL"	"cellchat"
"Gdf1"	"ACVR1B_ACVR2A_CFC1"	"NODAL"	"cellchat"
"Gdf1"	"ACVR1B_ACVR2B_CFC1"	"NODAL"	"cellchat"
"Gdf1"	"ACVR1C_ACVR2A_CFC1"	"NODAL"	"cellchat"
"Gdf1"	"ACVR1C_ACVR2B_CFC1"	"NODAL"	"cellchat"
"Gdf3"	"ACVR1B_ACVR2A_CFC1"	"NODAL"	"cellchat"
"Gdf3"	"ACVR1B_ACVR2B_CFC1"	"NODAL"	"cellchat"
"Gdf3"	"ACVR1C_ACVR2A_CFC1"	"NODAL"	"cellchat"
"Gdf3"	"ACVR1C_ACVR2B_CFC1"	"NODAL"	"cellchat"
"Inhba"	"ACVR1B_ACVR2A"	"ACTIVIN"	"cellchat"
"Inhba"	"ACVR1B_ACVR2B"	"ACTIVIN"	"cellchat"
"Inhbb"	"ACVR1B_ACVR2A"	"ACTIVIN"	"cellchat"
"Inhbb"	"ACVR1B_ACVR2B"	"ACTIVIN"	"cellchat"
"Inhbb"	"ACVR1C_ACVR2A"	"ACTIVIN"	"cellchat"
"Inhbb"	"ACVR1C_ACVR2B"	"ACTIVIN"	"cellchat"
"Inhbc"	"ACVR1B_ACVR2A"	"ACTIVIN"	"cellchat"
"Inhbc"	"ACVR1B_ACVR2B"	"ACTIVIN"	"cellchat"
"Inhbc"	"ACVR1C_ACVR2A"	"ACTIVIN"	"cellchat"
"Inhbc"	"ACVR1C_ACVR2B"	"ACTIVIN"	"cellchat"
"Inhbe"	"ACVR1B_ACVR2A"	"ACTIVIN"	"cellchat"
"Inhbe"	"ACVR1B_ACVR2B"	"ACTIVIN"	"cellchat"
"Inhbe"	"ACVR1C_ACVR2A"	"ACTIVIN"	"cellchat"
"Inhbe"	"ACVR1C_ACVR2B"	"ACTIVIN"	"cellchat"
"Activin AB"	"ACVR1B_ACVR2A"	"ACTIVIN"	"cellchat"
"Activin AB"	"ACVR1B_ACVR2B"	"ACTIVIN"	"cellchat"
"Activin AB"	"ACVR1C_ACVR2A"	"ACTIVIN"	"cellchat"
"Activin AB"	"ACVR1C_ACVR2B"	"ACTIVIN"	"cellchat"
"Inhibin A"	"Acvr2a"	"ACTIVIN"	"cellchat"
"Inhibin B"	"Acvr2b"	"ACTIVIN"	"cellchat"
"Wnt1"	"FZD1_LRP5"	"WNT"	"cellchat"
"Wnt1"	"FZD10_LRP5"	"WNT"	"cellchat"
"Wnt1"	"FZD2_LRP5"	"WNT"	"cellchat"
"Wnt1"	"FZD3_LRP5"	"WNT"	"cellchat"
"Wnt1"	"FZD4_LRP5"	"WNT"	"cellchat"
"Wnt1"	"FZD5_LRP5"	"WNT"	"cellchat"
"Wnt1"	"FZD6_LRP5"	"WNT"	"cellchat"
"Wnt1"	"FZD7_LRP5"	"WNT"	"cellchat"
"Wnt1"	"FZD8_LRP5"	"WNT"	"cellchat"
"Wnt1"	"FZD9_LRP5"	"WNT"	"cellchat"
"Wnt10a"	"FZD1_LRP5"	"WNT"	"cellchat"
"Wnt10a"	"FZD10_LRP5"	"WNT"	"cellchat"
"Wnt10a"	"FZD2_LRP5"	"WNT"	"cellchat"
"Wnt10a"	"FZD3_LRP5"	"WNT"	"cellchat"
"Wnt10a"	"FZD4_LRP5"	"WNT"	"cellchat"
"Wnt10a"	"FZD5_LRP5"	"WNT"	"cellchat"
"Wnt10a"	"FZD6_LRP5"	"WNT"	"cellchat"
"Wnt10a"	"FZD7_LRP5"	"WNT"	"cellchat"
"Wnt10a"	"FZD8_LRP5"	"WNT"	"cellchat"
"Wnt10a"	"FZD9_LRP5"	"WNT"	"cellchat"
"Wnt10b"	"FZD1_LRP5"	"WNT"	"cellchat"
"Wnt10b"	"FZD10_LRP5"	"WNT"	"cellchat"
"Wnt10b"	"FZD2_LRP5"	"WNT"	"cellchat"
"Wnt10b"	"FZD3_LRP5"	"WNT"	"cellchat"
"Wnt10b"	"FZD4_LRP5"	"WNT"	"cellchat"
"Wnt10b"	"FZD5_LRP5"	"WNT"	"cellchat"
"Wnt10b"	"FZD6_LRP5"	"WNT"	"cellchat"
"Wnt10b"	"FZD7_LRP5"	"WNT"	"cellchat"
"Wnt10b"	"FZD8_LRP5"	"WNT"	"cellchat"
"Wnt10b"	"FZD9_LRP5"	"WNT"	"cellchat"
"Wnt16"	"FZD1_LRP5"	"WNT"	"cellchat"
"Wnt16"	"FZD10_LRP5"	"WNT"	"cellchat"
"Wnt16"	"FZD2_LRP5"	"WNT"	"cellchat"
"Wnt16"	"FZD3_LRP5"	"WNT"	"cellchat"
"Wnt16"	"FZD4_LRP5"	"WNT"	"cellchat"
"Wnt16"	"FZD5_LRP5"	"WNT"	"cellchat"
"Wnt16"	"FZD6_LRP5"	"WNT"	"cellchat"
"Wnt16"	"FZD7_LRP5"	"WNT"	"cellchat"
"Wnt16"	"FZD8_LRP5"	"WNT"	"cellchat"
"Wnt16"	"FZD9_LRP5"	"WNT"	"cellchat"
"Wnt2"	"FZD1_LRP5"	"WNT"	"cellchat"
"Wnt2"	"FZD10_LRP5"	"WNT"	"cellchat"
"Wnt2"	"FZD2_LRP5"	"WNT"	"cellchat"
"Wnt2"	"FZD3_LRP5"	"WNT"	"cellchat"
"Wnt2"	"FZD4_LRP5"	"WNT"	"cellchat"
"Wnt2"	"FZD5_LRP5"	"WNT"	"cellchat"
"Wnt2"	"FZD6_LRP5"	"WNT"	"cellchat"
"Wnt2"	"FZD7_LRP5"	"WNT"	"cellchat"
"Wnt2"	"FZD8_LRP5"	"WNT"	"cellchat"
"Wnt2"	"FZD9_LRP5"	"WNT"	"cellchat"
"Wnt2b"	"FZD1_LRP5"	"WNT"	"cellchat"
"Wnt2b"	"FZD10_LRP5"	"WNT"	"cellchat"
"Wnt2b"	"FZD2_LRP5"	"WNT"	"cellchat"
"Wnt2b"	"FZD3_LRP5"	"WNT"	"cellchat"
"Wnt2b"	"FZD4_LRP5"	"WNT"	"cellchat"
"Wnt2b"	"FZD5_LRP5"	"WNT"	"cellchat"
"Wnt2b"	"FZD6_LRP5"	"WNT"	"cellchat"
"Wnt2b"	"FZD7_LRP5"	"WNT"	"cellchat"
"Wnt2b"	"FZD8_LRP5"	"WNT"	"cellchat"
"Wnt2b"	"FZD9_LRP5"	"WNT"	"cellchat"
"Wnt3"	"FZD1_LRP5"	"WNT"	"cellchat"
"Wnt3"	"FZD10_LRP5"	"WNT"	"cellchat"
"Wnt3"	"FZD2_LRP5"	"WNT"	"cellchat"
"Wnt3"	"FZD3_LRP5"	"WNT"	"cellchat"
"Wnt3"	"FZD4_LRP5"	"WNT"	"cellchat"
"Wnt3"	"FZD5_LRP5"	"WNT"	"cellchat"
"Wnt3"	"FZD6_LRP5"	"WNT"	"cellchat"
"Wnt3"	"FZD7_LRP5"	"WNT"	"cellchat"
"Wnt3"	"FZD8_LRP5"	"WNT"	"cellchat"
"Wnt3"	"FZD9_LRP5"	"WNT"	"cellchat"
"Wnt3a"	"FZD1_LRP5"	"WNT"	"cellchat"
"Wnt3a"	"FZD10_LRP5"	"WNT"	"cellchat"
"Wnt3a"	"FZD2_LRP5"	"WNT"	"cellchat"
"Wnt3a"	"FZD3_LRP5"	"WNT"	"cellchat"
"Wnt3a"	"FZD4_LRP5"	"WNT"	"cellchat"
"Wnt3a"	"FZD5_LRP5"	"WNT"	"cellchat"
"Wnt3a"	"FZD6_LRP5"	"WNT"	"cellchat"
"Wnt3a"	"FZD7_LRP5"	"WNT"	"cellchat"
"Wnt3a"	"FZD8_LRP5"	"WNT"	"cellchat"
"Wnt3a"	"FZD9_LRP5"	"WNT"	"cellchat"
"Wnt4"	"FZD1_LRP5"	"WNT"	"cellchat"
"Wnt4"	"FZD10_LRP5"	"WNT"	"cellchat"
"Wnt4"	"FZD2_LRP5"	"WNT"	"cellchat"
"Wnt4"	"FZD3_LRP5"	"WNT"	"cellchat"
"Wnt4"	"FZD4_LRP5"	"WNT"	"cellchat"
"Wnt4"	"FZD5_LRP5"	"WNT"	"cellchat"
"Wnt4"	"FZD6_LRP5"	"WNT"	"cellchat"
"Wnt4"	"FZD7_LRP5"	"WNT"	"cellchat"
"Wnt4"	"FZD8_LRP5"	"WNT"	"cellchat"
"Wnt4"	"FZD9_LRP5"	"WNT"	"cellchat"
"Wnt6"	"FZD1_LRP5"	"WNT"	"cellchat"
"Wnt6"	"FZD10_LRP5"	"WNT"	"cellchat"
"Wnt6"	"FZD2_LRP5"	"WNT"	"cellchat"
"Wnt6"	"FZD3_LRP5"	"WNT"	"cellchat"
"Wnt6"	"FZD4_LRP5"	"WNT"	"cellchat"
"Wnt6"	"FZD5_LRP5"	"WNT"	"cellchat"
"Wnt6"	"FZD6_LRP5"	"WNT"	"cellchat"
"Wnt6"	"FZD7_LRP5"	"WNT"	"cellchat"
"Wnt6"	"FZD8_LRP5"	"WNT"	"cellchat"
"Wnt6"	"FZD9_LRP5"	"WNT"	"cellchat"
"Wnt7a"	"FZD1_LRP5"	"WNT"	"cellchat"
"Wnt7a"	"FZD10_LRP5"	"WNT"	"cellchat"
"Wnt7a"	"FZD2_LRP5"	"WNT"	"cellchat"
"Wnt7a"	"FZD3_LRP5"	"WNT"	"cellchat"
"Wnt7a"	"FZD4_LRP5"	"WNT"	"cellchat"
"Wnt7a"	"FZD5_LRP5"	"WNT"	"cellchat"
"Wnt7a"	"FZD6_LRP5"	"WNT"	"cellchat"
"Wnt7a"	"FZD7_LRP5"	"WNT"	"cellchat"
"Wnt7a"	"FZD8_LRP5"	"WNT"	"cellchat"
"Wnt7a"	"FZD9_LRP5"	"WNT"	"cellchat"
"Wnt7b"	"FZD1_LRP5"	"WNT"	"cellchat"
"Wnt7b"	"FZD10_LRP5"	"WNT"	"cellchat"
"Wnt7b"	"FZD2_LRP5"	"WNT"	"cellchat"
"Wnt7b"	"FZD3_LRP5"	"WNT"	"cellchat"
"Wnt7b"	"FZD4_LRP5"	"WNT"	"cellchat"
"Wnt7b"	"FZD5_LRP5"	"WNT"	"cellchat"
"Wnt7b"	"FZD6_LRP5"	"WNT"	"cellchat"
"Wnt7b"	"FZD7_LRP5"	"WNT"	"cellchat"
"Wnt7b"	"FZD8_LRP5"	"WNT"	"cellchat"
"Wnt7b"	"FZD9_LRP5"	"WNT"	"cellchat"
"Wnt8a"	"FZD1_LRP5"	"WNT"	"cellchat"
"Wnt8a"	"FZD10_LRP5"	"WNT"	"cellchat"
"Wnt8a"	"FZD2_LRP5"	"WNT"	"cellchat"
"Wnt8a"	"FZD3_LRP5"	"WNT"	"cellchat"
"Wnt8a"	"FZD4_LRP5"	"WNT"	"cellchat"
"Wnt8a"	"FZD5_LRP5"	"WNT"	"cellchat"
"Wnt8a"	"FZD6_LRP5"	"WNT"	"cellchat"
"Wnt8a"	"FZD7_LRP5"	"WNT"	"cellchat"
"Wnt8a"	"FZD8_LRP5"	"WNT"	"cellchat"
"Wnt8a"	"FZD9_LRP5"	"WNT"	"cellchat"
"Wnt8b"	"FZD1_LRP5"	"WNT"	"cellchat"
"Wnt8b"	"FZD10_LRP5"	"WNT"	"cellchat"
"Wnt8b"	"FZD2_LRP5"	"WNT"	"cellchat"
"Wnt8b"	"FZD3_LRP5"	"WNT"	"cellchat"
"Wnt8b"	"FZD4_LRP5"	"WNT"	"cellchat"
"Wnt8b"	"FZD5_LRP5"	"WNT"	"cellchat"
"Wnt8b"	"FZD6_LRP5"	"WNT"	"cellchat"
"Wnt8b"	"FZD7_LRP5"	"WNT"	"cellchat"
"Wnt8b"	"FZD8_LRP5"	"WNT"	"cellchat"
"Wnt8b"	"FZD9_LRP5"	"WNT"	"cellchat"
"Wnt9a"	"FZD1_LRP5"	"WNT"	"cellchat"
"Wnt9a"	"FZD10_LRP5"	"WNT"	"cellchat"
"Wnt9a"	"FZD2_LRP5"	"WNT"	"cellchat"
"Wnt9a"	"FZD3_LRP5"	"WNT"	"cellchat"
"Wnt9a"	"FZD4_LRP5"	"WNT"	"cellchat"
"Wnt9a"	"FZD5_LRP5"	"WNT"	"cellchat"
"Wnt9a"	"FZD6_LRP5"	"WNT"	"cellchat"
"Wnt9a"	"FZD7_LRP5"	"WNT"	"cellchat"
"Wnt9a"	"FZD8_LRP5"	"WNT"	"cellchat"
"Wnt9a"	"FZD9_LRP5"	"WNT"	"cellchat"
"Wnt9b"	"FZD1_LRP5"	"WNT"	"cellchat"
"Wnt9b"	"FZD10_LRP5"	"WNT"	"cellchat"
"Wnt9b"	"FZD2_LRP5"	"WNT"	"cellchat"
"Wnt9b"	"FZD3_LRP5"	"WNT"	"cellchat"
"Wnt9b"	"FZD4_LRP5"	"WNT"	"cellchat"
"Wnt9b"	"FZD5_LRP5"	"WNT"	"cellchat"
"Wnt9b"	"FZD6_LRP5"	"WNT"	"cellchat"
"Wnt9b"	"FZD7_LRP5"	"WNT"	"cellchat"
"Wnt9b"	"FZD8_LRP5"	"WNT"	"cellchat"
"Wnt9b"	"FZD9_LRP5"	"WNT"	"cellchat"
"Wnt1"	"FZD1_LRP6"	"WNT"	"cellchat"
"Wnt1"	"FZD10_LRP6"	"WNT"	"cellchat"
"Wnt1"	"FZD2_LRP6"	"WNT"	"cellchat"
"Wnt1"	"FZD3_LRP6"	"WNT"	"cellchat"
"Wnt1"	"FZD4_LRP6"	"WNT"	"cellchat"
"Wnt1"	"FZD5_LRP6"	"WNT"	"cellchat"
"Wnt1"	"FZD6_LRP6"	"WNT"	"cellchat"
"Wnt1"	"FZD7_LRP6"	"WNT"	"cellchat"
"Wnt1"	"FZD8_LRP6"	"WNT"	"cellchat"
"Wnt1"	"FZD9_LRP6"	"WNT"	"cellchat"
"Wnt10a"	"FZD1_LRP6"	"WNT"	"cellchat"
"Wnt10a"	"FZD10_LRP6"	"WNT"	"cellchat"
"Wnt10a"	"FZD2_LRP6"	"WNT"	"cellchat"
"Wnt10a"	"FZD3_LRP6"	"WNT"	"cellchat"
"Wnt10a"	"FZD4_LRP6"	"WNT"	"cellchat"
"Wnt10a"	"FZD5_LRP6"	"WNT"	"cellchat"
"Wnt10a"	"FZD6_LRP6"	"WNT"	"cellchat"
"Wnt10a"	"FZD7_LRP6"	"WNT"	"cellchat"
"Wnt10a"	"FZD8_LRP6"	"WNT"	"cellchat"
"Wnt10a"	"FZD9_LRP6"	"WNT"	"cellchat"
"Wnt10b"	"FZD1_LRP6"	"WNT"	"cellchat"
"Wnt10b"	"FZD10_LRP6"	"WNT"	"cellchat"
"Wnt10b"	"FZD2_LRP6"	"WNT"	"cellchat"
"Wnt10b"	"FZD3_LRP6"	"WNT"	"cellchat"
"Wnt10b"	"FZD4_LRP6"	"WNT"	"cellchat"
"Wnt10b"	"FZD5_LRP6"	"WNT"	"cellchat"
"Wnt10b"	"FZD6_LRP6"	"WNT"	"cellchat"
"Wnt10b"	"FZD7_LRP6"	"WNT"	"cellchat"
"Wnt10b"	"FZD8_LRP6"	"WNT"	"cellchat"
"Wnt10b"	"FZD9_LRP6"	"WNT"	"cellchat"
"Wnt16"	"FZD1_LRP6"	"WNT"	"cellchat"
"Wnt16"	"FZD10_LRP6"	"WNT"	"cellchat"
"Wnt16"	"FZD2_LRP6"	"WNT"	"cellchat"
"Wnt16"	"FZD3_LRP6"	"WNT"	"cellchat"
"Wnt16"	"FZD4_LRP6"	"WNT"	"cellchat"
"Wnt16"	"FZD5_LRP6"	"WNT"	"cellchat"
"Wnt16"	"FZD6_LRP6"	"WNT"	"cellchat"
"Wnt16"	"FZD7_LRP6"	"WNT"	"cellchat"
"Wnt16"	"FZD8_LRP6"	"WNT"	"cellchat"
"Wnt16"	"FZD9_LRP6"	"WNT"	"cellchat"
"Wnt2"	"FZD1_LRP6"	"WNT"	"cellchat"
"Wnt2"	"FZD10_LRP6"	"WNT"	"cellchat"
"Wnt2"	"FZD2_LRP6"	"WNT"	"cellchat"
"Wnt2"	"FZD3_LRP6"	"WNT"	"cellchat"
"Wnt2"	"FZD4_LRP6"	"WNT"	"cellchat"
"Wnt2"	"FZD5_LRP6"	"WNT"	"cellchat"
"Wnt2"	"FZD6_LRP6"	"WNT"	"cellchat"
"Wnt2"	"FZD7_LRP6"	"WNT"	"cellchat"
"Wnt2"	"FZD8_LRP6"	"WNT"	"cellchat"
"Wnt2"	"FZD9_LRP6"	"WNT"	"cellchat"
"Wnt2b"	"FZD1_LRP6"	"WNT"	"cellchat"
"Wnt2b"	"FZD10_LRP6"	"WNT"	"cellchat"
"Wnt2b"	"FZD2_LRP6"	"WNT"	"cellchat"
"Wnt2b"	"FZD3_LRP6"	"WNT"	"cellchat"
"Wnt2b"	"FZD4_LRP6"	"WNT"	"cellchat"
"Wnt2b"	"FZD5_LRP6"	"WNT"	"cellchat"
"Wnt2b"	"FZD6_LRP6"	"WNT"	"cellchat"
"Wnt2b"	"FZD7_LRP6"	"WNT"	"cellchat"
"Wnt2b"	"FZD8_LRP6"	"WNT"	"cellchat"
"Wnt2b"	"FZD9_LRP6"	"WNT"	"cellchat"
"Wnt3"	"FZD1_LRP6"	"WNT"	"cellchat"
"Wnt3"	"FZD10_LRP6"	"WNT"	"cellchat"
"Wnt3"	"FZD2_LRP6"	"WNT"	"cellchat"
"Wnt3"	"FZD3_LRP6"	"WNT"	"cellchat"
"Wnt3"	"FZD4_LRP6"	"WNT"	"cellchat"
"Wnt3"	"FZD5_LRP6"	"WNT"	"cellchat"
"Wnt3"	"FZD6_LRP6"	"WNT"	"cellchat"
"Wnt3"	"FZD7_LRP6"	"WNT"	"cellchat"
"Wnt3"	"FZD8_LRP6"	"WNT"	"cellchat"
"Wnt3"	"FZD9_LRP6"	"WNT"	"cellchat"
"Wnt3a"	"FZD1_LRP6"	"WNT"	"cellchat"
"Wnt3a"	"FZD10_LRP6"	"WNT"	"cellchat"
"Wnt3a"	"FZD2_LRP6"	"WNT"	"cellchat"
"Wnt3a"	"FZD3_LRP6"	"WNT"	"cellchat"
"Wnt3a"	"FZD4_LRP6"	"WNT"	"cellchat"
"Wnt3a"	"FZD5_LRP6"	"WNT"	"cellchat"
"Wnt3a"	"FZD6_LRP6"	"WNT"	"cellchat"
"Wnt3a"	"FZD7_LRP6"	"WNT"	"cellchat"
"Wnt3a"	"FZD8_LRP6"	"WNT"	"cellchat"
"Wnt3a"	"FZD9_LRP6"	"WNT"	"cellchat"
"Wnt4"	"FZD1_LRP6"	"WNT"	"cellchat"
"Wnt4"	"FZD10_LRP6"	"WNT"	"cellchat"
"Wnt4"	"FZD2_LRP6"	"WNT"	"cellchat"
"Wnt4"	"FZD3_LRP6"	"WNT"	"cellchat"
"Wnt4"	"FZD4_LRP6"	"WNT"	"cellchat"
"Wnt4"	"FZD5_LRP6"	"WNT"	"cellchat"
"Wnt4"	"FZD6_LRP6"	"WNT"	"cellchat"
"Wnt4"	"FZD7_LRP6"	"WNT"	"cellchat"
"Wnt4"	"FZD8_LRP6"	"WNT"	"cellchat"
"Wnt4"	"FZD9_LRP6"	"WNT"	"cellchat"
"Wnt6"	"FZD1_LRP6"	"WNT"	"cellchat"
"Wnt6"	"FZD10_LRP6"	"WNT"	"cellchat"
"Wnt6"	"FZD2_LRP6"	"WNT"	"cellchat"
"Wnt6"	"FZD3_LRP6"	"WNT"	"cellchat"
"Wnt6"	"FZD4_LRP6"	"WNT"	"cellchat"
"Wnt6"	"FZD5_LRP6"	"WNT"	"cellchat"
"Wnt6"	"FZD6_LRP6"	"WNT"	"cellchat"
"Wnt6"	"FZD7_LRP6"	"WNT"	"cellchat"
"Wnt6"	"FZD8_LRP6"	"WNT"	"cellchat"
"Wnt6"	"FZD9_LRP6"	"WNT"	"cellchat"
"Wnt7a"	"FZD1_LRP6"	"WNT"	"cellchat"
"Wnt7a"	"FZD10_LRP6"	"WNT"	"cellchat"
"Wnt7a"	"FZD2_LRP6"	"WNT"	"cellchat"
"Wnt7a"	"FZD3_LRP6"	"WNT"	"cellchat"
"Wnt7a"	"FZD4_LRP6"	"WNT"	"cellchat"
"Wnt7a"	"FZD5_LRP6"	"WNT"	"cellchat"
"Wnt7a"	"FZD6_LRP6"	"WNT"	"cellchat"
"Wnt7a"	"FZD7_LRP6"	"WNT"	"cellchat"
"Wnt7a"	"FZD8_LRP6"	"WNT"	"cellchat"
"Wnt7a"	"FZD9_LRP6"	"WNT"	"cellchat"
"Wnt7b"	"FZD1_LRP6"	"WNT"	"cellchat"
"Wnt7b"	"FZD10_LRP6"	"WNT"	"cellchat"
"Wnt7b"	"FZD2_LRP6"	"WNT"	"cellchat"
"Wnt7b"	"FZD3_LRP6"	"WNT"	"cellchat"
"Wnt7b"	"FZD4_LRP6"	"WNT"	"cellchat"
"Wnt7b"	"FZD5_LRP6"	"WNT"	"cellchat"
"Wnt7b"	"FZD6_LRP6"	"WNT"	"cellchat"
"Wnt7b"	"FZD7_LRP6"	"WNT"	"cellchat"
"Wnt7b"	"FZD8_LRP6"	"WNT"	"cellchat"
"Wnt7b"	"FZD9_LRP6"	"WNT"	"cellchat"
"Wnt8a"	"FZD1_LRP6"	"WNT"	"cellchat"
"Wnt8a"	"FZD10_LRP6"	"WNT"	"cellchat"
"Wnt8a"	"FZD2_LRP6"	"WNT"	"cellchat"
"Wnt8a"	"FZD3_LRP6"	"WNT"	"cellchat"
"Wnt8a"	"FZD4_LRP6"	"WNT"	"cellchat"
"Wnt8a"	"FZD5_LRP6"	"WNT"	"cellchat"
"Wnt8a"	"FZD6_LRP6"	"WNT"	"cellchat"
"Wnt8a"	"FZD7_LRP6"	"WNT"	"cellchat"
"Wnt8a"	"FZD8_LRP6"	"WNT"	"cellchat"
"Wnt8a"	"FZD9_LRP6"	"WNT"	"cellchat"
"Wnt8b"	"FZD1_LRP6"	"WNT"	"cellchat"
"Wnt8b"	"FZD10_LRP6"	"WNT"	"cellchat"
"Wnt8b"	"FZD2_LRP6"	"WNT"	"cellchat"
"Wnt8b"	"FZD3_LRP6"	"WNT"	"cellchat"
"Wnt8b"	"FZD4_LRP6"	"WNT"	"cellchat"
"Wnt8b"	"FZD5_LRP6"	"WNT"	"cellchat"
"Wnt8b"	"FZD6_LRP6"	"WNT"	"cellchat"
"Wnt8b"	"FZD7_LRP6"	"WNT"	"cellchat"
"Wnt8b"	"FZD8_LRP6"	"WNT"	"cellchat"
"Wnt8b"	"FZD9_LRP6"	"WNT"	"cellchat"
"Wnt9a"	"FZD1_LRP6"	"WNT"	"cellchat"
"Wnt9a"	"FZD10_LRP6"	"WNT"	"cellchat"
"Wnt9a"	"FZD2_LRP6"	"WNT"	"cellchat"
"Wnt9a"	"FZD3_LRP6"	"WNT"	"cellchat"
"Wnt9a"	"FZD4_LRP6"	"WNT"	"cellchat"
"Wnt9a"	"FZD5_LRP6"	"WNT"	"cellchat"
"Wnt9a"	"FZD6_LRP6"	"WNT"	"cellchat"
"Wnt9a"	"FZD7_LRP6"	"WNT"	"cellchat"
"Wnt9a"	"FZD8_LRP6"	"WNT"	"cellchat"
"Wnt9a"	"FZD9_LRP6"	"WNT"	"cellchat"
"Wnt9b"	"FZD1_LRP6"	"WNT"	"cellchat"
"Wnt9b"	"FZD10_LRP6"	"WNT"	"cellchat"
"Wnt9b"	"FZD2_LRP6"	"WNT"	"cellchat"
"Wnt9b"	"FZD3_LRP6"	"WNT"	"cellchat"
"Wnt9b"	"FZD4_LRP6"	"WNT"	"cellchat"
"Wnt9b"	"FZD5_LRP6"	"WNT"	"cellchat"
"Wnt9b"	"FZD6_LRP6"	"WNT"	"cellchat"
"Wnt9b"	"FZD7_LRP6"	"WNT"	"cellchat"
"Wnt9b"	"FZD8_LRP6"	"WNT"	"cellchat"
"Wnt9b"	"FZD9_LRP6"	"WNT"	"cellchat"
"Wnt5a"	"Fzd1"	"ncWNT"	"cellchat"
"Wnt5a"	"Fzd10"	"ncWNT"	"cellchat"
"Wnt5a"	"Fzd2"	"ncWNT"	"cellchat"
"Wnt5a"	"Fzd3"	"ncWNT"	"cellchat"
"Wnt5a"	"Fzd4"	"ncWNT"	"cellchat"
"Wnt5a"	"Fzd5"	"ncWNT"	"cellchat"
"Wnt5a"	"Fzd6"	"ncWNT"	"cellchat"
"Wnt5a"	"Fzd7"	"ncWNT"	"cellchat"
"Wnt5a"	"Fzd8"	"ncWNT"	"cellchat"
"Wnt5a"	"Fzd9"	"ncWNT"	"cellchat"
"Wnt5a"	"Mcam"	"ncWNT"	"cellchat"
"Wnt5b"	"Fzd1"	"ncWNT"	"cellchat"
"Wnt5b"	"Fzd10"	"ncWNT"	"cellchat"
"Wnt5b"	"Fzd2"	"ncWNT"	"cellchat"
"Wnt5b"	"Fzd3"	"ncWNT"	"cellchat"
"Wnt5b"	"Fzd4"	"ncWNT"	"cellchat"
"Wnt5b"	"Fzd5"	"ncWNT"	"cellchat"
"Wnt5b"	"Fzd6"	"ncWNT"	"cellchat"
"Wnt5b"	"Fzd7"	"ncWNT"	"cellchat"
"Wnt5b"	"Fzd8"	"ncWNT"	"cellchat"
"Wnt5b"	"Fzd9"	"ncWNT"	"cellchat"
"Wnt11"	"Fzd1"	"ncWNT"	"cellchat"
"Wnt11"	"Fzd10"	"ncWNT"	"cellchat"
"Wnt11"	"Fzd2"	"ncWNT"	"cellchat"
"Wnt11"	"Fzd3"	"ncWNT"	"cellchat"
"Wnt11"	"Fzd4"	"ncWNT"	"cellchat"
"Wnt11"	"Fzd5"	"ncWNT"	"cellchat"
"Wnt11"	"Fzd6"	"ncWNT"	"cellchat"
"Wnt11"	"Fzd7"	"ncWNT"	"cellchat"
"Wnt11"	"Fzd8"	"ncWNT"	"cellchat"
"Wnt11"	"Fzd9"	"ncWNT"	"cellchat"
"Egf"	"Egfr"	"EGF"	"cellchat"
"Egf"	"EGFR_ERBB2"	"EGF"	"cellchat"
"Tgfa"	"Egfr"	"EGF"	"cellchat"
"Tgfa"	"EGFR_ERBB2"	"EGF"	"cellchat"
"Areg"	"Egfr"	"EGF"	"cellchat"
"Areg"	"EGFR_ERBB2"	"EGF"	"cellchat"
"Btc"	"Egfr"	"EGF"	"cellchat"
"Btc"	"EGFR_ERBB2"	"EGF"	"cellchat"
"Btc"	"Erbb4"	"EGF"	"cellchat"
"Btc"	"ERBB2_ERBB4"	"EGF"	"cellchat"
"Hbegf"	"Egfr"	"EGF"	"cellchat"
"Hbegf"	"EGFR_ERBB2"	"EGF"	"cellchat"
"Hbegf"	"Erbb4"	"EGF"	"cellchat"
"Hbegf"	"ERBB2_ERBB4"	"EGF"	"cellchat"
"Ereg"	"Egfr"	"EGF"	"cellchat"
"Ereg"	"EGFR_ERBB2"	"EGF"	"cellchat"
"Ereg"	"Erbb4"	"EGF"	"cellchat"
"Ereg"	"ERBB2_ERBB4"	"EGF"	"cellchat"
"Nrg1"	"Erbb3"	"NRG"	"cellchat"
"Nrg1"	"ERBB2_ERBB3"	"NRG"	"cellchat"
"Nrg1"	"Erbb4"	"NRG"	"cellchat"
"Nrg1"	"ERBB2_ERBB4"	"NRG"	"cellchat"
"Nrg2"	"Erbb3"	"NRG"	"cellchat"
"Nrg2"	"ERBB2_ERBB3"	"NRG"	"cellchat"
"Nrg2"	"Erbb4"	"NRG"	"cellchat"
"Nrg2"	"ERBB2_ERBB4"	"NRG"	"cellchat"
"Nrg3"	"Erbb4"	"NRG"	"cellchat"
"Nrg3"	"ERBB2_ERBB4"	"NRG"	"cellchat"
"Nrg4"	"Erbb4"	"NRG"	"cellchat"
"Nrg4"	"ERBB2_ERBB4"	"NRG"	"cellchat"
"Nrg1"	"ITGAV_ITGB3"	"NRG"	"cellchat"
"Fgf1"	"Fgfr1"	"FGF"	"cellchat"
"Fgf1"	"Fgfr2"	"FGF"	"cellchat"
"Fgf1"	"Fgfr3"	"FGF"	"cellchat"
"Fgf1"	"Fgfr4"	"FGF"	"cellchat"
"Fgf2"	"Fgfr1"	"FGF"	"cellchat"
"Fgf2"	"Fgfr2"	"FGF"	"cellchat"
"Fgf2"	"Fgfr3"	"FGF"	"cellchat"
"Fgf2"	"Fgfr4"	"FGF"	"cellchat"
"Fgf4"	"Fgfr1"	"FGF"	"cellchat"
"Fgf4"	"Fgfr2"	"FGF"	"cellchat"
"Fgf4"	"Fgfr3"	"FGF"	"cellchat"
"Fgf4"	"Fgfr4"	"FGF"	"cellchat"
"Fgf5"	"Fgfr1"	"FGF"	"cellchat"
"Fgf5"	"Fgfr2"	"FGF"	"cellchat"
"Fgf5"	"Fgfr3"	"FGF"	"cellchat"
"Fgf5"	"Fgfr4"	"FGF"	"cellchat"
"Fgf6"	"Fgfr1"	"FGF"	"cellchat"
"Fgf6"	"Fgfr2"	"FGF"	"cellchat"
"Fgf6"	"Fgfr3"	"FGF"	"cellchat"
"Fgf6"	"Fgfr4"	"FGF"	"cellchat"
"Fgf7"	"Fgfr1"	"FGF"	"cellchat"
"Fgf7"	"Fgfr2"	"FGF"	"cellchat"
"Fgf3"	"Fgfr1"	"FGF"	"cellchat"
"Fgf3"	"Fgfr2"	"FGF"	"cellchat"
"Fgf10"	"Fgfr1"	"FGF"	"cellchat"
"Fgf10"	"Fgfr2"	"FGF"	"cellchat"
"Fgf22"	"Fgfr2"	"FGF"	"cellchat"
"Fgf8"	"Fgfr1"	"FGF"	"cellchat"
"Fgf8"	"Fgfr2"	"FGF"	"cellchat"
"Fgf8"	"Fgfr3"	"FGF"	"cellchat"
"Fgf8"	"Fgfr4"	"FGF"	"cellchat"
"Fgf17"	"Fgfr1"	"FGF"	"cellchat"
"Fgf17"	"Fgfr2"	"FGF"	"cellchat"
"Fgf17"	"Fgfr3"	"FGF"	"cellchat"
"Fgf17"	"Fgfr4"	"FGF"	"cellchat"
"Fgf18"	"Fgfr1"	"FGF"	"cellchat"
"Fgf18"	"Fgfr2"	"FGF"	"cellchat"
"Fgf18"	"Fgfr3"	"FGF"	"cellchat"
"Fgf18"	"Fgfr4"	"FGF"	"cellchat"
"Fgf9"	"Fgfr1"	"FGF"	"cellchat"
"Fgf9"	"Fgfr2"	"FGF"	"cellchat"
"Fgf9"	"Fgfr3"	"FGF"	"cellchat"
"Fgf9"	"Fgfr4"	"FGF"	"cellchat"
"Fgf20"	"Fgfr1"	"FGF"	"cellchat"
"Fgf20"	"Fgfr2"	"FGF"	"cellchat"
"Fgf20"	"Fgfr3"	"FGF"	"cellchat"
"Fgf20"	"Fgfr4"	"FGF"	"cellchat"
"Fgf16"	"Fgfr1"	"FGF"	"cellchat"
"Fgf16"	"Fgfr2"	"FGF"	"cellchat"
"Fgf16"	"Fgfr3"	"FGF"	"cellchat"
"Fgf16"	"Fgfr4"	"FGF"	"cellchat"
"Fgf15"	"Fgfr1"	"FGF"	"cellchat"
"Fgf15"	"Fgfr2"	"FGF"	"cellchat"
"Fgf15"	"Fgfr3"	"FGF"	"cellchat"
"Fgf15"	"Fgfr4"	"FGF"	"cellchat"
"Fgf21"	"Fgfr1"	"FGF"	"cellchat"
"Fgf21"	"Fgfr3"	"FGF"	"cellchat"
"Fgf23"	"Fgfr1"	"FGF"	"cellchat"
"Fgf23"	"Fgfr3"	"FGF"	"cellchat"
"Fgf23"	"Fgfr4"	"FGF"	"cellchat"
"Pdgfa"	"Pdgfra"	"PDGF"	"cellchat"
"Pdgfa"	"Pdgfrb"	"PDGF"	"cellchat"
"Pdgfb"	"Pdgfra"	"PDGF"	"cellchat"
"Pdgfb"	"Pdgfrb"	"PDGF"	"cellchat"
"Pdgfc"	"Pdgfra"	"PDGF"	"cellchat"
"Pdgfd"	"Pdgfrb"	"PDGF"	"cellchat"
"Vegfa"	"Flt1"	"VEGF"	"cellchat"
"Vegfa"	"Kdr"	"VEGF"	"cellchat"
"Vegfb"	"Flt1"	"VEGF"	"cellchat"
"Vegfc"	"Flt4"	"VEGF"	"cellchat"
"Vegfc"	"Kdr"	"VEGF"	"cellchat"
"Vegfd"	"Flt4"	"VEGF"	"cellchat"
"Vegfd"	"Kdr"	"VEGF"	"cellchat"
"Pgf"	"Flt1"	"VEGF"	"cellchat"
"Vegfa"	"FLT1_KDR"	"VEGF"	"cellchat"
"Vegfc"	"FLT4_KDR"	"VEGF"	"cellchat"
"Vegfd"	"FLT4_KDR"	"VEGF"	"cellchat"
"Igf1"	"Igf1r"	"IGF"	"cellchat"
"Igf2"	"Igf1r"	"IGF"	"cellchat"
"Igf2"	"Igf2r"	"IGF"	"cellchat"
"Igf1"	"ITGAV_ITGB3"	"IGF"	"cellchat"
"Igf1"	"ITGA6_ITGB4"	"IGF"	"cellchat"
"Igf2"	"ITGAV_ITGB3"	"IGF"	"cellchat"
"Igf2"	"ITGA6_ITGB4"	"IGF"	"cellchat"
"Igfl3"	"Igflr1"	"IGF"	"cellchat"
"Ins1"	"Insr"	"INSULIN"	"cellchat"
"Ins2"	"Insr"	"INSULIN"	"cellchat"
"Apln"	"Aplnr"	"APELIN"	"cellchat"
"Dhh"	"PTCH1_SMO"	"HH"	"cellchat"
"Ihh"	"PTCH1_SMO"	"HH"	"cellchat"
"Shh"	"PTCH1_SMO"	"HH"	"cellchat"
"Dhh"	"PTCH2_SMO"	"HH"	"cellchat"
"Ihh"	"PTCH2_SMO"	"HH"	"cellchat"
"Shh"	"PTCH2_SMO"	"HH"	"cellchat"
"Ccl5"	"Ccr1"	"CCL"	"cellchat"
"Ccl3"	"Ccr1"	"CCL"	"cellchat"
"Ccl8"	"Ccr1"	"CCL"	"cellchat"
"Ccl9"	"Ccr1"	"CCL"	"cellchat"
"Ccl6"	"Ccr1"	"CCL"	"cellchat"
"Ccl7"	"Ccr1"	"CCL"	"cellchat"
"Ccl5"	"Ccr1l1"	"CCL"	"cellchat"
"Ccl3"	"Ccr1l1"	"CCL"	"cellchat"
"Ccl8"	"Ccr1l1"	"CCL"	"cellchat"
"Ccl9"	"Ccr1l1"	"CCL"	"cellchat"
"Ccl6"	"Ccr1l1"	"CCL"	"cellchat"
"Ccl7"	"Ccr1l1"	"CCL"	"cellchat"
"Ccl8"	"Ccr2"	"CCL"	"cellchat"
"Ccl6"	"Ccr2"	"CCL"	"cellchat"
"Ccl7"	"Ccr2"	"CCL"	"cellchat"
"Ccl2"	"Ccr2"	"CCL"	"cellchat"
"Ccl12"	"Ccr2"	"CCL"	"cellchat"
"Ccl27a"	"Ccr2"	"CCL"	"cellchat"
"Ccl27b"	"Ccr2"	"CCL"	"cellchat"
"Ccl5"	"Ccr3"	"CCL"	"cellchat"
"Ccl6"	"Ccr3"	"CCL"	"cellchat"
"Ccl7"	"Ccr3"	"CCL"	"cellchat"
"Ccl11"	"Ccr3"	"CCL"	"cellchat"
"Ccl24"	"Ccr3"	"CCL"	"cellchat"
"Ccl26"	"Ccr3"	"CCL"	"cellchat"
"Ccl28"	"Ccr3"	"CCL"	"cellchat"
"Ccl27a"	"Ccr3"	"CCL"	"cellchat"
"Ccl27b"	"Ccr3"	"CCL"	"cellchat"
"Ccl17"	"Ccr4"	"CCL"	"cellchat"
"Ccl22"	"Ccr4"	"CCL"	"cellchat"
"Ccl5"	"Ccr4"	"CCL"	"cellchat"
"Ccl4"	"Ccr5"	"CCL"	"cellchat"
"Ccl5"	"Ccr5"	"CCL"	"cellchat"
"Ccl3"	"Ccr5"	"CCL"	"cellchat"
"Ccl8"	"Ccr5"	"CCL"	"cellchat"
"Ccl20"	"Ccr6"	"CCL"	"cellchat"
"Ccl19"	"Ccr7"	"CCL"	"cellchat"
"Ccl21a"	"Ccr7"	"CCL"	"cellchat"
"Ccl21b"	"Ccr7"	"CCL"	"cellchat"
"Ccl21c"	"Ccr7"	"CCL"	"cellchat"
"Ccl19"	"Ackr4"	"CCL"	"cellchat"
"Ccl21a"	"Ackr4"	"CCL"	"cellchat"
"Ccl21b"	"Ackr4"	"CCL"	"cellchat"
"Ccl21c"	"Ackr4"	"CCL"	"cellchat"
"Ccl1"	"Ccr8"	"CCL"	"cellchat"
"Ccl25"	"Ccr9"	"CCL"	"cellchat"
"Ccl25"	"Ackr4"	"CCL"	"cellchat"
"Ccl28"	"Ccr10"	"CCL"	"cellchat"
"Ccl27a"	"Ccr10"	"CCL"	"cellchat"
"Ccl27b"	"Ccr10"	"CCL"	"cellchat"
"Ccl1"	"Ackr4"	"CCL"	"cellchat"
"Ccl8"	"Ackr4"	"CCL"	"cellchat"
"Ccl1"	"Ackr1"	"CCL"	"cellchat"
"Ccl2"	"Ackr1"	"CCL"	"cellchat"
"Ccl2"	"Ackr2"	"CCL"	"cellchat"
"Ccl3"	"Ackr2"	"CCL"	"cellchat"
"Ccl4"	"Ackr2"	"CCL"	"cellchat"
"Ccl5"	"Ackr1"	"CCL"	"cellchat"
"Ccl5"	"Ackr2"	"CCL"	"cellchat"
"Ccl7"	"Ackr1"	"CCL"	"cellchat"
"Ccl8"	"Ackr1"	"CCL"	"cellchat"
"Ccl11"	"Ackr1"	"CCL"	"cellchat"
"Ccl11"	"Ackr2"	"CCL"	"cellchat"
"Ccl22"	"Ackr2"	"CCL"	"cellchat"
"Ccl24"	"Ackr2"	"CCL"	"cellchat"
"Ccl26"	"Ackr2"	"CCL"	"cellchat"
"Ccl17"	"Ackr1"	"CCL"	"cellchat"
"Ccl17"	"Ackr2"	"CCL"	"cellchat"
"Cxcl1"	"Cxcr1"	"CXCL"	"cellchat"
"Cxcl5"	"Cxcr1"	"CXCL"	"cellchat"
"Cxcl2"	"Cxcr1"	"CXCL"	"cellchat"
"Cxcl3"	"Cxcr1"	"CXCL"	"cellchat"
"Cxcl1"	"Cxcr2"	"CXCL"	"cellchat"
"Cxcl5"	"Cxcr2"	"CXCL"	"cellchat"
"Cxcl2"	"Cxcr2"	"CXCL"	"cellchat"
"Cxcl3"	"Cxcr2"	"CXCL"	"cellchat"
"Ppbp"	"Cxcr2"	"CXCL"	"cellchat"
"Pf4"	"Cxcr3"	"CXCL"	"cellchat"
"Cxcl9"	"Cxcr3"	"CXCL"	"cellchat"
"Cxcl10"	"Cxcr3"	"CXCL"	"cellchat"
"Cxcl11"	"Cxcr3"	"CXCL"	"cellchat"
"Cxcl13"	"Cxcr3"	"CXCL"	"cellchat"
"Pf4"	"Cxcr3"	"CXCL"	"cellchat"
"Cxcl12"	"Cxcr4"	"CXCL"	"cellchat"
"Cxcl12"	"Ackr3"	"CXCL"	"cellchat"
"Cxcl13"	"Cxcr5"	"CXCL"	"cellchat"
"Cxcl16"	"Cxcr6"	"CXCL"	"cellchat"
"Cxcl1"	"Ackr1"	"CXCL"	"cellchat"
"Cxcl2"	"Ackr1"	"CXCL"	"cellchat"
"Cxcl3"	"Ackr1"	"CXCL"	"cellchat"
"Cxcl5"	"Ackr1"	"CXCL"	"cellchat"
"Cxcl9"	"Ackr1"	"CXCL"	"cellchat"
"Cxcl10"	"Ackr1"	"CXCL"	"cellchat"
"Cxcl11"	"Ackr1"	"CXCL"	"cellchat"
"Cxcl11"	"Ackr3"	"CXCL"	"cellchat"
"Cxcl13"	"Ackr1"	"CXCL"	"cellchat"
"Mif"	"CD74_CXCR4"	"MIF"	"cellchat"
"Mif"	"CD74_CD44"	"MIF"	"cellchat"
"Mif"	"CD74_CXCR2"	"MIF"	"cellchat"
"Mif"	"Ackr3"	"MIF"	"cellchat"
"Cx3cl1"	"Cx3cr1"	"CX3C"	"cellchat"
"Xcl1"	"Xcr1"	"XCR"	"cellchat"
"Il2"	"IL2RA_IL2RB"	"IL2"	"cellchat"
"Il2"	"IL2RB_IL2RG"	"IL2"	"cellchat"
"Il4"	"IL4R_IL2RG"	"IL2"	"cellchat"
"Il7"	"IL7R_IL2RG"	"IL2"	"cellchat"
"Il9"	"IL9R_IL2RG"	"IL2"	"cellchat"
"Il15"	"IL15RA_IL2RB"	"IL2"	"cellchat"
"Il21"	"IL21R_IL2RG"	"IL2"	"cellchat"
"Tslp"	"IL7R_CRLF2"	"IL2"	"cellchat"
"Il3"	"IL3RA_CSF2RB"	"IL4"	"cellchat"
"Il5"	"IL5RA_CSF2RB"	"IL4"	"cellchat"
"Csf2"	"CSF2RA_CSF2RB"	"IL4"	"cellchat"
"Il4"	"Il4ra"	"IL4"	"cellchat"
"Il4"	"IL4R_IL13RA1"	"IL4"	"cellchat"
"Il4"	"IL4R_IL13RA2"	"IL4"	"cellchat"
"Il13"	"IL4R_IL13RA1"	"IL4"	"cellchat"
"Il13"	"IL4R_IL13RA2"	"IL4"	"cellchat"
"Il13"	"Il13ra1"	"IL4"	"cellchat"
"Il13"	"Il13ra2"	"IL4"	"cellchat"
"Il6"	"IL6R_IL6ST"	"IL6"	"cellchat"
"Il11"	"IL11R complex 1"	"IL6"	"cellchat"
"Il11"	"IL11R complex 2"	"IL6"	"cellchat"
"IL12AB"	"IL12RB1_IL12RB2"	"IL12"	"cellchat"
"IL23 complex"	"IL23R_IL12RB1"	"IL12"	"cellchat"
"IL27 complex"	"IL27RA_IL6ST"	"IL12"	"cellchat"
"Il31"	"IL31RA_OSMR"	"IL6"	"cellchat"
"Cntf"	"CNTFR_LIFR"	"LIFR"	"cellchat"
"Clcf1"	"CNTFR_LIFR"	"LIFR"	"cellchat"
"Ctf1"	"LIFR_IL6ST"	"LIFR"	"cellchat"
"Lif"	"LIFR_IL6ST"	"LIFR"	"cellchat"
"Osm"	"LIFR_IL6ST"	"OSM"	"cellchat"
"Osm"	"OSMR_IL6ST"	"OSM"	"cellchat"
"Il10"	"IL10RA_IL10RB"	"IL10"	"cellchat"
"Il19"	"IL20RA_IL20RB"	"IL10"	"cellchat"
"Il20"	"IL20RA_IL20RB"	"IL10"	"cellchat"
"Il24"	"IL20RA_IL20RB"	"IL10"	"cellchat"
"Il20"	"IL22RA1_IL20RB"	"IL10"	"cellchat"
"Il24"	"IL22RA1_IL20RB"	"IL10"	"cellchat"
"Il22"	"IL22RA1_IL10RB"	"IL10"	"cellchat"
"Il1a"	"IL1R1_IL1RAP"	"IL1"	"cellchat"
"Il1b"	"IL1R1_IL1RAP"	"IL1"	"cellchat"
"Il1f5"	"IL1RL2_IL1RAP"	"IL1"	"cellchat"
"Il1f6"	"IL1RL2_IL1RAP"	"IL1"	"cellchat"
"Il1f8"	"IL1RL2_IL1RAP"	"IL1"	"cellchat"
"Il1f9"	"IL1RL2_IL1RAP"	"IL1"	"cellchat"
"Il1f10"	"IL1RL2_IL1RAP"	"IL1"	"cellchat"
"Il18"	"IL18R1_IL18RAP"	"IL1"	"cellchat"
"Il33"	"IL1RL1_IL1RAP"	"IL1"	"cellchat"
"Il17a"	"IL17RA_IL17RC"	"IL17"	"cellchat"
"Il17f"	"IL17RA_IL17RC"	"IL17"	"cellchat"
"IL17AF"	"IL17RA_IL17RC"	"IL17"	"cellchat"
"Il17b"	"Il17rb"	"IL17"	"cellchat"
"Il17c"	"IL17RA_IL17RE"	"IL17"	"cellchat"
"Il25"	"IL17RA_IL17RB"	"IL17"	"cellchat"
"Il34"	"Csf1r"	"CSF"	"cellchat"
"Csf1"	"Csf1r"	"CSF"	"cellchat"
"Il16"	"Cd4"	"IL16"	"cellchat"
"Epo"	"Epor"	"EPO"	"cellchat"
"Gh"	"Ghr"	"GH"	"cellchat"
"Prl"	"Prlr"	"PRL"	"cellchat"
"Thpo"	"Mpl"	"THPO"	"cellchat"
"Csf3"	"Csf3r"	"CSF3"	"cellchat"
"Ifna"	"IFNAR1_IFNAR2"	"IFN-I"	"cellchat"
"Ifnb1"	"IFNAR1_IFNAR2"	"IFN-I"	"cellchat"
"Ifnk"	"IFNAR1_IFNAR2"	"IFN-I"	"cellchat"
"Ifne"	"IFNAR1_IFNAR2"	"IFN-I"	"cellchat"
"Ifna11"	"IFNAR1_IFNAR2"	"IFN-I"	"cellchat"
"Ifna1"	"IFNAR1_IFNAR2"	"IFN-I"	"cellchat"
"Ifna2"	"IFNAR1_IFNAR2"	"IFN-I"	"cellchat"
"Ifna4"	"IFNAR1_IFNAR2"	"IFN-I"	"cellchat"
"Ifna5"	"IFNAR1_IFNAR2"	"IFN-I"	"cellchat"
"Ifna6"	"IFNAR1_IFNAR2"	"IFN-I"	"cellchat"
"Ifna7"	"IFNAR1_IFNAR2"	"IFN-I"	"cellchat"
"Ifna9"	"IFNAR1_IFNAR2"	"IFN-I"	"cellchat"
"Ifnab"	"IFNAR1_IFNAR2"	"IFN-I"	"cellchat"
"Ifna12"	"IFNAR1_IFNAR2"	"IFN-I"	"cellchat"
"Ifna13"	"IFNAR1_IFNAR2"	"IFN-I"	"cellchat"
"Ifna14"	"IFNAR1_IFNAR2"	"IFN-I"	"cellchat"
"Ifna15"	"IFNAR1_IFNAR2"	"IFN-I"	"cellchat"
"Ifng"	"IFNGR1_IFNGR2"	"IFN-II"	"cellchat"
"Ifnl2"	"IFNLR1_IL10RB"	"IFN-lII"	"cellchat"
"Ifnl3"	"IFNLR1_IL10RB"	"IFN-lII"	"cellchat"
"Tnf"	"Tnfrsf1a"	"TNF"	"cellchat"
"Tnf"	"Tnfrsf1b"	"TNF"	"cellchat"
"Lta"	"Tnfrsf1a"	"LT"	"cellchat"
"Lta"	"Tnfrsf1b"	"LT"	"cellchat"
"Lta"	"Tnfrsf14"	"LT"	"cellchat"
"LTa1b2"	"Ltbr"	"LT"	"cellchat"
"Tnfsf14"	"Ltbr"	"LIGHT"	"cellchat"
"Tnfsf14"	"Tnfrsf14"	"LIGHT"	"cellchat"
"Fasl"	"Fas"	"FASLG"	"cellchat"
"Tnfsf15"	"Tnfrsf25"	"VEGI"	"cellchat"
"Tnfsf10"	"Tnfrsf10b"	"TRAIL"	"cellchat"
"Eda"	"Edar"	"EDA"	"cellchat"
"Eda"	"Eda2r"	"EDA"	"cellchat"
"Ngf"	"Ngfr"	"NGF"	"cellchat"
"Klk1b4"	"Ngfr"	"NGF"	"cellchat"
"Tnfsf11"	"Tnfrsf11a"	"RANKL"	"cellchat"
"Tnfsf11"	"Tnfrsf11b"	"RANKL"	"cellchat"
"Tnfsf12"	"Tnfrsf12a"	"TWEAK"	"cellchat"
"Cd70"	"Cd27"	"CD70"	"cellchat"
"Tnfsf8"	"Tnfrsf8"	"CD30"	"cellchat"
"Tnfsf9"	"Tnfrsf9"	"CD137"	"cellchat"
"Tnfsf4"	"Tnfrsf4"	"OX40"	"cellchat"
"Tnfsf18"	"Tnfrsf18"	"GITRL"	"cellchat"
"Tnfsf13"	"Tnfrsf17"	"APRIL"	"cellchat"
"Tnfsf13"	"Tnfrsf13b"	"APRIL"	"cellchat"
"Tnfsf13b"	"Tnfrsf17"	"BAFF"	"cellchat"
"Tnfsf13b"	"Tnfrsf13b"	"BAFF"	"cellchat"
"Tnfsf13b"	"Tnfrsf13c"	"BAFF"	"cellchat"
"Cd40lg"	"ITGA2B_ITGB3"	"CD40"	"cellchat"
"Cd40lg"	"ITGA5_ITGB1"	"CD40"	"cellchat"
"Cd40lg"	"ITGAM_ITGB2"	"CD40"	"cellchat"
"Spp1"	"Cd44"	"SPP1"	"cellchat"
"Spp1"	"ITGAV_ITGB3"	"SPP1"	"cellchat"
"Spp1"	"ITGAV_ITGB1"	"SPP1"	"cellchat"
"Spp1"	"ITGAV_ITGB5"	"SPP1"	"cellchat"
"Spp1"	"ITGAV_ITGB6"	"SPP1"	"cellchat"
"Spp1"	"ITGA4_ITGB1"	"SPP1"	"cellchat"
"Spp1"	"ITGA9_ITGB1"	"SPP1"	"cellchat"
"Spp1"	"ITGA8_ITGB1"	"SPP1"	"cellchat"
"Spp1"	"ITGA5_ITGB1"	"SPP1"	"cellchat"
"Adipoq"	"Adipor1"	"ADIPONECTIN"	"cellchat"
"Adipoq"	"Adipor2"	"ADIPONECTIN"	"cellchat"
"Retn"	"Tlr4"	"RESISTIN"	"cellchat"
"Retn"	"Cap1"	"RESISTIN"	"cellchat"
"Nampt"	"Insr"	"VISFATIN"	"cellchat"
"Nampt"	"ITGA5_ITGB1"	"VISFATIN"	"cellchat"
"Angptl1"	"ITGA1_ITGB1"	"ANGPTL"	"cellchat"
"Angptl2"	"ITGA5_ITGB1"	"ANGPTL"	"cellchat"
"Angptl2"	"Tlr4"	"ANGPTL"	"cellchat"
"Angptl2"	"Pirb"	"ANGPTL"	"cellchat"
"Angptl1"	"Pirb"	"ANGPTL"	"cellchat"
"Angptl7"	"Pirb"	"ANGPTL"	"cellchat"
"Angptl4"	"ITGA5_ITGB1"	"ANGPTL"	"cellchat"
"Angptl4"	"ITGAV_ITGB3"	"ANGPTL"	"cellchat"
"Angptl4"	"Cdh5"	"ANGPTL"	"cellchat"
"Angptl4"	"Cdh11"	"ANGPTL"	"cellchat"
"Angptl4"	"Sdc1"	"ANGPTL"	"cellchat"
"Angptl4"	"Sdc2"	"ANGPTL"	"cellchat"
"Angptl4"	"Sdc3"	"ANGPTL"	"cellchat"
"Angptl4"	"Sdc4"	"ANGPTL"	"cellchat"
"Angptl3"	"ITGAV_ITGB3"	"ANGPTL"	"cellchat"
"Angpt1"	"Tek"	"ANGPT"	"cellchat"
"Angpt2"	"Tek"	"ANGPT"	"cellchat"
"Angpt2"	"ITGA5_ITGB1"	"ANGPT"	"cellchat"
"Mdk"	"Sdc1"	"MK"	"cellchat"
"Mdk"	"Sdc2"	"MK"	"cellchat"
"Mdk"	"Sdc4"	"MK"	"cellchat"
"Mdk"	"Ptprz1"	"MK"	"cellchat"
"Mdk"	"ITGA4_ITGB1"	"MK"	"cellchat"
"Mdk"	"ITGA6_ITGB1"	"MK"	"cellchat"
"Mdk"	"Lrp1"	"MK"	"cellchat"
"Mdk"	"Ncl"	"MK"	"cellchat"
"Mdk"	"Alk"	"MK"	"cellchat"
"Ptn"	"Ptprz1"	"PTN"	"cellchat"
"Ptn"	"Sdc1"	"PTN"	"cellchat"
"Ptn"	"Sdc2"	"PTN"	"cellchat"
"Ptn"	"Sdc3"	"PTN"	"cellchat"
"Ptn"	"Sdc4"	"PTN"	"cellchat"
"Ptn"	"ITGAV_ITGB3"	"PTN"	"cellchat"
"Ptn"	"Ncl"	"PTN"	"cellchat"
"Ptn"	"Alk"	"PTN"	"cellchat"
"Postn"	"ITGAV_ITGB3"	"PERIOSTIN"	"cellchat"
"Postn"	"ITGAV_ITGB5"	"PERIOSTIN"	"cellchat"
"Agt"	"Agtr1a"	"AGT"	"cellchat"
"Agt"	"Agtr1b"	"AGT"	"cellchat"
"Grp"	"Grpr"	"GPR"	"cellchat"
"Nmb"	"Nmbr"	"GPR"	"cellchat"
"Kng1"	"Bdkrb1"	"BRADYKININ"	"cellchat"
"Kng1"	"Bdkrb2"	"BRADYKININ"	"cellchat"
"Kng2"	"Bdkrb1"	"BRADYKININ"	"cellchat"
"Kng2"	"Bdkrb2"	"BRADYKININ"	"cellchat"
"C3"	"C3ar1"	"COMPLEMENT"	"cellchat"
"C3"	"Cr2"	"COMPLEMENT"	"cellchat"
"C3"	"ITGAM_ITGB2"	"COMPLEMENT"	"cellchat"
"C3"	"ITGAX_ITGB2"	"COMPLEMENT"	"cellchat"
"C4a"	"C3ar1"	"COMPLEMENT"	"cellchat"
"C4b"	"Cr2"	"COMPLEMENT"	"cellchat"
"Hc"	"C5ar1"	"COMPLEMENT"	"cellchat"
"Cck"	"Cckar"	"CCK"	"cellchat"
"Cck"	"Cckbr"	"CCK"	"cellchat"
"Edn1"	"Ednra"	"EDN"	"cellchat"
"Edn2"	"Ednra"	"EDN"	"cellchat"
"Edn3"	"Ednra"	"EDN"	"cellchat"
"Edn1"	"Ednrb"	"EDN"	"cellchat"
"Edn2"	"Ednrb"	"EDN"	"cellchat"
"Edn3"	"Ednrb"	"EDN"	"cellchat"
"Gal"	"Galr1"	"GALANIN"	"cellchat"
"Gal"	"Galr2"	"GALANIN"	"cellchat"
"Gal"	"Galr3"	"GALANIN"	"cellchat"
"Galp"	"Galr1"	"GALANIN"	"cellchat"
"Galp"	"Galr2"	"GALANIN"	"cellchat"
"Ghrl"	"Ghsr"	"GHRELIN"	"cellchat"
"Kiss1"	"Kiss1r"	"KISS1"	"cellchat"
"Pomc"	"Mc1r"	"MELANOCORTIN"	"cellchat"
"Pomc"	"Mc2r"	"MELANOCORTIN"	"cellchat"
"Pomc"	"Mc3r"	"MELANOCORTIN"	"cellchat"
"Pomc"	"Mc4r"	"MELANOCORTIN"	"cellchat"
"Pomc"	"Mc5r"	"MELANOCORTIN"	"cellchat"
"Nmu"	"Nmur1"	"NMU"	"cellchat"
"Nmu"	"Nmur2"	"NMU"	"cellchat"
"Nms"	"Nmur1"	"NMU"	"cellchat"
"Nms"	"Nmur2"	"NMU"	"cellchat"
"Npff"	"Npffr1"	"NPFF"	"cellchat"
"Npff"	"Npffr2"	"NPFF"	"cellchat"
"Npy"	"Npy1r"	"NPY"	"cellchat"
"Npy"	"Npy2r"	"NPY"	"cellchat"
"Npy"	"Npy4r"	"NPY"	"cellchat"
"Npy"	"Npy5r"	"NPY"	"cellchat"
"Npy"	"Npy6r"	"NPY"	"cellchat"
"Npy"	"Gpr83"	"NPY"	"cellchat"
"Npy"	"Pgr15l"	"NPY"	"cellchat"
"Ppy"	"Npy1r"	"NPY"	"cellchat"
"Ppy"	"Npy2r"	"NPY"	"cellchat"
"Ppy"	"Npy4r"	"NPY"	"cellchat"
"Ppy"	"Npy5r"	"NPY"	"cellchat"
"Ppy"	"Npy6r"	"NPY"	"cellchat"
"Ppy"	"Gpr83"	"NPY"	"cellchat"
"Ppy"	"Pgr15l"	"NPY"	"cellchat"
"Pyy"	"Npy1r"	"NPY"	"cellchat"
"Pyy"	"Npy2r"	"NPY"	"cellchat"
"Pyy"	"Npy4r"	"NPY"	"cellchat"
"Pyy"	"Npy5r"	"NPY"	"cellchat"
"Pyy"	"Npy6r"	"NPY"	"cellchat"
"Pyy"	"Gpr83"	"NPY"	"cellchat"
"Pyy"	"Pgr15l"	"NPY"	"cellchat"
"Npb"	"Npbwr1"	"NPW-B"	"cellchat"
"Npw"	"Npbwr1"	"NPW-B"	"cellchat"
"Nts"	"Ntsr1"	"NTS"	"cellchat"
"Nts"	"Ntsr2"	"NTS"	"cellchat"
"Pdyn"	"Oprd1"	"OPIOID"	"cellchat"
"Pdyn"	"Oprk1"	"OPIOID"	"cellchat"
"Pdyn"	"Oprl1"	"OPIOID"	"cellchat"
"Pdyn"	"Oprm1"	"OPIOID"	"cellchat"
"Penk"	"Oprd1"	"OPIOID"	"cellchat"
"Penk"	"Oprk1"	"OPIOID"	"cellchat"
"Penk"	"Oprl1"	"OPIOID"	"cellchat"
"Penk"	"Oprm1"	"OPIOID"	"cellchat"
"Pomc"	"Oprd1"	"OPIOID"	"cellchat"
"Pomc"	"Oprk1"	"OPIOID"	"cellchat"
"Pomc"	"Oprl1"	"OPIOID"	"cellchat"
"Pomc"	"Oprm1"	"OPIOID"	"cellchat"
"Hcrt"	"Hcrtr1"	"HCRT"	"cellchat"
"Hcrt"	"Hcrtr2"	"HCRT"	"cellchat"
"Oxt"	"Oxtr"	"OXT"	"cellchat"
"Sst"	"Sstr1"	"SOMATOSTATIN"	"cellchat"
"Sst"	"Sstr2"	"SOMATOSTATIN"	"cellchat"
"Sst"	"Sstr3"	"SOMATOSTATIN"	"cellchat"
"Sst"	"Sstr4"	"SOMATOSTATIN"	"cellchat"
"Sst"	"Sstr5"	"SOMATOSTATIN"	"cellchat"
"Cort"	"Sstr1"	"SOMATOSTATIN"	"cellchat"
"Cort"	"Sstr2"	"SOMATOSTATIN"	"cellchat"
"Cort"	"Sstr3"	"SOMATOSTATIN"	"cellchat"
"Cort"	"Sstr4"	"SOMATOSTATIN"	"cellchat"
"Cort"	"Sstr5"	"SOMATOSTATIN"	"cellchat"
"Tac1"	"Tacr1"	"TAC"	"cellchat"
"Tac4"	"Tacr1"	"TAC"	"cellchat"
"Tac1"	"Tacr2"	"TAC"	"cellchat"
"Tac2"	"Tacr3"	"TAC"	"cellchat"
"Uts2"	"Uts2r"	"UTS2"	"cellchat"
"Avp"	"Avpr2"	"AVP"	"cellchat"
"Avp"	"Avpr1a"	"AVP"	"cellchat"
"Avp"	"Avpr1b"	"AVP"	"cellchat"
"Prlh"	"Prlhr"	"PRLH"	"cellchat"
"Gm10334"	"F2r"	"PARs"	"cellchat"
"Try5"	"F2r"	"PARs"	"cellchat"
"Ctsg"	"F2r"	"PARs"	"cellchat"
"F2"	"F2r"	"PARs"	"cellchat"
"Gzma"	"F2r"	"PARs"	"cellchat"
"Prss2"	"F2r"	"PARs"	"cellchat"
"Try4"	"F2r"	"PARs"	"cellchat"
"Try10"	"F2r"	"PARs"	"cellchat"
"Gm10334"	"F2rl1"	"PARs"	"cellchat"
"Try5"	"F2rl1"	"PARs"	"cellchat"
"Ctsg"	"F2rl1"	"PARs"	"cellchat"
"F2"	"F2rl1"	"PARs"	"cellchat"
"Gzma"	"F2rl1"	"PARs"	"cellchat"
"Prss2"	"F2rl1"	"PARs"	"cellchat"
"Try4"	"F2rl1"	"PARs"	"cellchat"
"Try10"	"F2rl1"	"PARs"	"cellchat"
"Gm10334"	"F2rl2"	"PARs"	"cellchat"
"Try5"	"F2rl2"	"PARs"	"cellchat"
"Ctsg"	"F2rl2"	"PARs"	"cellchat"
"F2"	"F2rl2"	"PARs"	"cellchat"
"Gzma"	"F2rl2"	"PARs"	"cellchat"
"Prss2"	"F2rl2"	"PARs"	"cellchat"
"Try4"	"F2rl2"	"PARs"	"cellchat"
"Try10"	"F2rl2"	"PARs"	"cellchat"
"Gm10334"	"F2rl3"	"PARs"	"cellchat"
"Try5"	"F2rl3"	"PARs"	"cellchat"
"Ctsg"	"F2rl3"	"PARs"	"cellchat"
"F2"	"F2rl3"	"PARs"	"cellchat"
"Gzma"	"F2rl3"	"PARs"	"cellchat"
"Plg"	"F2rl3"	"PARs"	"cellchat"
"Prss2"	"F2rl3"	"PARs"	"cellchat"
"Try4"	"F2rl3"	"PARs"	"cellchat"
"Try10"	"F2rl3"	"PARs"	"cellchat"
"Gm10334"	"Pard3"	"PARs"	"cellchat"
"Try5"	"Pard3"	"PARs"	"cellchat"
"Ctsg"	"Pard3"	"PARs"	"cellchat"
"F2"	"Pard3"	"PARs"	"cellchat"
"Gzma"	"Pard3"	"PARs"	"cellchat"
"Plg"	"Pard3"	"PARs"	"cellchat"
"Prss2"	"Pard3"	"PARs"	"cellchat"
"Try4"	"Pard3"	"PARs"	"cellchat"
"Try10"	"Pard3"	"PARs"	"cellchat"
"Pmch"	"Mchr1"	"PMCH"	"cellchat"
"Prok1"	"Prokr2"	"PROK"	"cellchat"
"Prok1"	"Prokr1"	"PROK"	"cellchat"
"Prok2"	"Prokr1"	"PROK"	"cellchat"
"Prok2"	"Prokr2"	"PROK"	"cellchat"
"Adcyap1"	"Adcyap1r1"	"PACAP"	"cellchat"
"Vip"	"Vipr1"	"VIP"	"cellchat"
"Vip"	"Vipr2"	"VIP"	"cellchat"
"Nppa"	"Npr1"	"NPR1"	"cellchat"
"Nppb"	"Npr1"	"NPR1"	"cellchat"
"Nppc"	"Npr2"	"NPR2"	"cellchat"
"Kitl"	"Kit"	"KIT"	"cellchat"
"Gcg"	"Gipr"	"GIPR"	"cellchat"
"Gip"	"Gipr"	"GIPR"	"cellchat"
"Fshb"	"Fshr"	"FSH"	"cellchat"
"Cga"	"Fshr"	"FSH"	"cellchat"
"Lhb"	"Lhcgr"	"LHB"	"cellchat"
"Cga"	"Lhcgr"	"LHB"	"cellchat"
"Tshb"	"Tshr"	"TSH"	"cellchat"
"Cga"	"Tshr"	"TSH"	"cellchat"
"Bdnf"	"Ntrk2"	"NT"	"cellchat"
"Ngf"	"Ntrk1"	"NT"	"cellchat"
"Flt3l"	"Flt3"	"FLT3"	"cellchat"
"Hgf"	"Met"	"HGF"	"cellchat"
"Klk1b4"	"Ntrk1"	"NT"	"cellchat"
"Ntf3"	"Ntrk1"	"NT"	"cellchat"
"Ntf3"	"Ntrk2"	"NT"	"cellchat"
"Ntf3"	"Ntrk3"	"NT"	"cellchat"
"Ntf5"	"Ntrk2"	"NT"	"cellchat"
"Sema3a"	"NRP1_PLXNA1"	"SEMA3"	"cellchat"
"Sema3a"	"NRP1_PLXNA2"	"SEMA3"	"cellchat"
"Sema3a"	"NRP1_PLXNA3"	"SEMA3"	"cellchat"
"Sema3a"	"NRP1_PLXNA4"	"SEMA3"	"cellchat"
"Sema3b"	"NRP1_PLXNA1"	"SEMA3"	"cellchat"
"Sema3b"	"NRP1_PLXNA2"	"SEMA3"	"cellchat"
"Sema3b"	"NRP1_PLXNA3"	"SEMA3"	"cellchat"
"Sema3b"	"NRP1_PLXNA4"	"SEMA3"	"cellchat"
"Sema3c"	"NRP1_PLXNA1"	"SEMA3"	"cellchat"
"Sema3c"	"NRP1_PLXNA2"	"SEMA3"	"cellchat"
"Sema3c"	"NRP1_PLXNA3"	"SEMA3"	"cellchat"
"Sema3c"	"NRP1_PLXNA4"	"SEMA3"	"cellchat"
"Sema3d"	"NRP1_PLXNA1"	"SEMA3"	"cellchat"
"Sema3d"	"NRP1_PLXNA2"	"SEMA3"	"cellchat"
"Sema3d"	"NRP1_PLXNA3"	"SEMA3"	"cellchat"
"Sema3d"	"NRP1_PLXNA4"	"SEMA3"	"cellchat"
"Sema3b"	"NRP2_PLXNA1"	"SEMA3"	"cellchat"
"Sema3b"	"NRP2_PLXNA2"	"SEMA3"	"cellchat"
"Sema3b"	"NRP2_PLXNA3"	"SEMA3"	"cellchat"
"Sema3b"	"NRP2_PLXNA4"	"SEMA3"	"cellchat"
"Sema3c"	"NRP2_PLXNA1"	"SEMA3"	"cellchat"
"Sema3c"	"NRP2_PLXNA2"	"SEMA3"	"cellchat"
"Sema3c"	"NRP2_PLXNA3"	"SEMA3"	"cellchat"
"Sema3c"	"NRP2_PLXNA4"	"SEMA3"	"cellchat"
"Sema3d"	"NRP2_PLXNA1"	"SEMA3"	"cellchat"
"Sema3d"	"NRP2_PLXNA2"	"SEMA3"	"cellchat"
"Sema3d"	"NRP2_PLXNA3"	"SEMA3"	"cellchat"
"Sema3d"	"NRP2_PLXNA4"	"SEMA3"	"cellchat"
"Sema3f"	"NRP2_PLXNA1"	"SEMA3"	"cellchat"
"Sema3f"	"NRP2_PLXNA2"	"SEMA3"	"cellchat"
"Sema3f"	"NRP2_PLXNA3"	"SEMA3"	"cellchat"
"Sema3f"	"NRP2_PLXNA4"	"SEMA3"	"cellchat"
"Sema3g"	"NRP2_PLXNA1"	"SEMA3"	"cellchat"
"Sema3g"	"NRP2_PLXNA2"	"SEMA3"	"cellchat"
"Sema3g"	"NRP2_PLXNA3"	"SEMA3"	"cellchat"
"Sema3g"	"NRP2_PLXNA4"	"SEMA3"	"cellchat"
"Sema3c"	"NRP1_NRP2"	"SEMA3"	"cellchat"
"Sema3c"	"Plxnd1"	"SEMA3"	"cellchat"
"Sema3e"	"Plxnd1"	"SEMA3"	"cellchat"
"Adm"	"Calcr"	"CALCR"	"cellchat"
"Adm"	"Calcrl"	"CALCR"	"cellchat"
"Agt"	"Mas1"	"AGT"	"cellchat"
"Anxa1"	"Fpr2"	"ANNEXIN"	"cellchat"
"Anxa1"	"Fpr1"	"ANNEXIN"	"cellchat"
"Apela"	"Aplnr"	"APJ"	"cellchat"
"Calca"	"Calcr"	"CALCR"	"cellchat"
"Calca"	"Calcrl"	"CALCR"	"cellchat"
"Calcb"	"Calcr"	"CALCR"	"cellchat"
"Calcb"	"Calcrl"	"CALCR"	"cellchat"
"Crh"	"Crhr1"	"CRH"	"cellchat"
"Crh"	"Crhr2"	"CRH"	"cellchat"
"Enho"	"Gpr19"	"ENHO"	"cellchat"
"Gas6"	"Axl"	"GAS"	"cellchat"
"Gas6"	"Mertk"	"GAS"	"cellchat"
"Gas6"	"Tyro3"	"GAS"	"cellchat"
"Gcg"	"Gcgr"	"GCG"	"cellchat"
"Gcg"	"Glp1r"	"GCG"	"cellchat"
"Gcg"	"Glp2r"	"GCG"	"cellchat"
"Gh"	"Ghr"	"GH"	"cellchat"
"Gh"	"Prlr"	"GH"	"cellchat"
"Ghrh"	"Vipr1"	"GHRH"	"cellchat"
"Ghrh"	"Vipr2"	"GHRH"	"cellchat"
"Ghrh"	"Ghsr"	"GHRH"	"cellchat"
"Ghrh"	"Ghrhr"	"GHRH"	"cellchat"
"Gnrh1"	"Gnrhr"	"GNRH"	"cellchat"
"Grn"	"Sort1"	"GRN"	"cellchat"
"Guca2a"	"Gucy2c"	"GUCA"	"cellchat"
"Guca2b"	"Gucy2c"	"GUCA"	"cellchat"
"Iapp"	"Calcr"	"CALCR"	"cellchat"
"Iapp"	"Calcrl"	"CALCR"	"cellchat"
"Insl3"	"Rxfp2"	"RLN"	"cellchat"
"Insl3"	"Rxfp1"	"RLN"	"cellchat"
"Insl3"	"Rxfp4"	"RLN"	"cellchat"
"Insl3"	"Rxfp3"	"RLN"	"cellchat"
"Insl5"	"Rxfp4"	"RLN"	"cellchat"
"Insl5"	"Rxfp3"	"RLN"	"cellchat"
"Insl5"	"Rxfp2"	"RLN"	"cellchat"
"Insl5"	"Rxfp1"	"RLN"	"cellchat"
"Lep"	"Lepr"	"LEP"	"cellchat"
"Lgals9"	"Ptprc"	"GALECTIN"	"cellchat"
"Lgals9"	"Ighm"	"GALECTIN"	"cellchat"
"Nps"	"Npsr1"	"NPS"	"cellchat"
"Npvf"	"Npffr1"	"NPVF"	"cellchat"
"Npvf"	"Npffr2"	"NPVF"	"cellchat"
"Ostn"	"Npr3"	"OSTN"	"cellchat"
"Pmch"	"Mertk"	"PMCH"	"cellchat"
"Pros1"	"Axl"	"PROS"	"cellchat"
"Pros1"	"Tyro3"	"PROS"	"cellchat"
"Psap"	"Gpr37l1"	"PSAP"	"cellchat"
"Psap"	"Gpr37"	"PSAP"	"cellchat"
"Pth"	"Pth1r"	"PTH"	"cellchat"
"Pth"	"Pth2r"	"PTH"	"cellchat"
"Pth2"	"Pth1r"	"PTH"	"cellchat"
"Pth2"	"Pth2r"	"PTH"	"cellchat"
"Pthlh"	"Pth1r"	"PTH"	"cellchat"
"Qrfp"	"Qrfpr"	"QRFP"	"cellchat"
"Rarres2"	"Gpr1"	"CHEMERIN"	"cellchat"
"Rarres2"	"Cmklr1"	"CHEMERIN"	"cellchat"
"Rln1"	"Rxfp2"	"RLN"	"cellchat"
"Rln1"	"Rxfp1"	"RLN"	"cellchat"
"Rln1"	"Rxfp3"	"RLN"	"cellchat"
"Rln1"	"Rxfp4"	"RLN"	"cellchat"
"Rln3"	"Rxfp3"	"RLN"	"cellchat"
"Rln3"	"Rxfp1"	"RLN"	"cellchat"
"Rln3"	"Rxfp4"	"RLN"	"cellchat"
"Rln3"	"Rxfp2"	"RLN"	"cellchat"
"Saa2"	"Fpr2"	"SAA"	"cellchat"
"Scgb3a2"	"Marco"	"UGRP1"	"cellchat"
"Sct"	"Sctr"	"SCT"	"cellchat"
"Slurp1"	"Chrnb1"	"SLURP"	"cellchat"
"Slurp1"	"Chrnb2"	"SLURP"	"cellchat"
"Slurp1"	"Chrnb3"	"SLURP"	"cellchat"
"Slurp1"	"Chrnb4"	"SLURP"	"cellchat"
"Slurp1"	"Chrna1"	"SLURP"	"cellchat"
"Slurp1"	"Chrna2"	"SLURP"	"cellchat"
"Slurp1"	"Chrna3"	"SLURP"	"cellchat"
"Slurp1"	"Chrna4"	"SLURP"	"cellchat"
"Slurp1"	"Chrna5"	"SLURP"	"cellchat"
"Slurp1"	"Chrna6"	"SLURP"	"cellchat"
"Slurp1"	"Chrna9"	"SLURP"	"cellchat"
"Slurp1"	"Chrna10"	"SLURP"	"cellchat"
"Slurp1"	"Chrnd"	"SLURP"	"cellchat"
"Slurp1"	"Chrne"	"SLURP"	"cellchat"
"Slurp1"	"Chrng"	"SLURP"	"cellchat"
"Slurp1"	"Chrna7"	"SLURP"	"cellchat"
"Slurp2"	"Chrnb1"	"SLURP"	"cellchat"
"Slurp2"	"Chrnb2"	"SLURP"	"cellchat"
"Slurp2"	"Chrnb3"	"SLURP"	"cellchat"
"Slurp2"	"Chrnb4"	"SLURP"	"cellchat"
"Slurp2"	"Chrna1"	"SLURP"	"cellchat"
"Slurp2"	"Chrna2"	"SLURP"	"cellchat"
"Slurp2"	"Chrna3"	"SLURP"	"cellchat"
"Slurp2"	"Chrna4"	"SLURP"	"cellchat"
"Slurp2"	"Chrna5"	"SLURP"	"cellchat"
"Slurp2"	"Chrna6"	"SLURP"	"cellchat"
"Slurp2"	"Chrna7"	"SLURP"	"cellchat"
"Slurp2"	"Chrna9"	"SLURP"	"cellchat"
"Slurp2"	"Chrna10"	"SLURP"	"cellchat"
"Slurp2"	"Chrnd"	"SLURP"	"cellchat"
"Slurp2"	"Chrne"	"SLURP"	"cellchat"
"Slurp2"	"Chrng"	"SLURP"	"cellchat"
"Btla"	"Tnfrsf14"	"BTLA"	"cellchat"
"Trh"	"Trhr"	"TRH"	"cellchat"
"Trh"	"Trhr2"	"TRH"	"cellchat"
"Ucn"	"Crhr1"	"UCN"	"cellchat"
"Ucn"	"Crhr2"	"UCN"	"cellchat"
"Ucn2"	"Crhr1"	"UCN"	"cellchat"
"Ucn2"	"Crhr2"	"UCN"	"cellchat"
"Ucn3"	"Crhr1"	"UCN"	"cellchat"
"Ucn3"	"Crhr2"	"UCN"	"cellchat"
"Uts2b"	"Uts2r"	"UROTENSIN"	"cellchat"
"Uts2b"	"Sstr5"	"UROTENSIN"	"cellchat"
"Bag6"	"Ncr3-ps"	"BAG"	"cellchat"
"Lgals9"	"Havcr2"	"GALECTIN"	"cellchat"
"Lgals9"	"Cd44"	"GALECTIN"	"cellchat"
"Col1a1"	"ITGA1_ITGB1"	"COLLAGEN"	"cellchat"
"Col1a2"	"ITGA1_ITGB1"	"COLLAGEN"	"cellchat"
"Col2a1"	"ITGA1_ITGB1"	"COLLAGEN"	"cellchat"
"Col4a1"	"ITGA1_ITGB1"	"COLLAGEN"	"cellchat"
"Col4a2"	"ITGA1_ITGB1"	"COLLAGEN"	"cellchat"
"Col4a3"	"ITGA1_ITGB1"	"COLLAGEN"	"cellchat"
"Col4a4"	"ITGA1_ITGB1"	"COLLAGEN"	"cellchat"
"Col4a5"	"ITGA1_ITGB1"	"COLLAGEN"	"cellchat"
"Col4a6"	"ITGA1_ITGB1"	"COLLAGEN"	"cellchat"
"Col6a1"	"ITGA1_ITGB1"	"COLLAGEN"	"cellchat"
"Col6a2"	"ITGA1_ITGB1"	"COLLAGEN"	"cellchat"
"Col6a3"	"ITGA1_ITGB1"	"COLLAGEN"	"cellchat"
"Col6a4"	"ITGA1_ITGB1"	"COLLAGEN"	"cellchat"
"Col6a5"	"ITGA1_ITGB1"	"COLLAGEN"	"cellchat"
"Col6a6"	"ITGA1_ITGB1"	"COLLAGEN"	"cellchat"
"Col9a1"	"ITGA1_ITGB1"	"COLLAGEN"	"cellchat"
"Col9a2"	"ITGA1_ITGB1"	"COLLAGEN"	"cellchat"
"Col9a3"	"ITGA1_ITGB1"	"COLLAGEN"	"cellchat"
"Col1a1"	"ITGA2_ITGB1"	"COLLAGEN"	"cellchat"
"Col1a2"	"ITGA2_ITGB1"	"COLLAGEN"	"cellchat"
"Col2a1"	"ITGA2_ITGB1"	"COLLAGEN"	"cellchat"
"Col4a1"	"ITGA2_ITGB1"	"COLLAGEN"	"cellchat"
"Col4a2"	"ITGA2_ITGB1"	"COLLAGEN"	"cellchat"
"Col4a3"	"ITGA2_ITGB1"	"COLLAGEN"	"cellchat"
"Col4a4"	"ITGA2_ITGB1"	"COLLAGEN"	"cellchat"
"Col4a5"	"ITGA2_ITGB1"	"COLLAGEN"	"cellchat"
"Col4a6"	"ITGA2_ITGB1"	"COLLAGEN"	"cellchat"
"Col6a1"	"ITGA2_ITGB1"	"COLLAGEN"	"cellchat"
"Col6a2"	"ITGA2_ITGB1"	"COLLAGEN"	"cellchat"
"Col6a3"	"ITGA2_ITGB1"	"COLLAGEN"	"cellchat"
"Col6a4"	"ITGA2_ITGB1"	"COLLAGEN"	"cellchat"
"Col6a5"	"ITGA2_ITGB1"	"COLLAGEN"	"cellchat"
"Col6a6"	"ITGA2_ITGB1"	"COLLAGEN"	"cellchat"
"Col9a1"	"ITGA2_ITGB1"	"COLLAGEN"	"cellchat"
"Col9a2"	"ITGA2_ITGB1"	"COLLAGEN"	"cellchat"
"Col9a3"	"ITGA2_ITGB1"	"COLLAGEN"	"cellchat"
"Fn1"	"ITGA3_ITGB1"	"FN1"	"cellchat"
"Fn1"	"ITGA4_ITGB1"	"FN1"	"cellchat"
"Fn1"	"ITGA5_ITGB1"	"FN1"	"cellchat"
"Fn1"	"ITGA8_ITGB1"	"FN1"	"cellchat"
"Lama1"	"ITGA1_ITGB1"	"LAMININ"	"cellchat"
"Lama2"	"ITGA1_ITGB1"	"LAMININ"	"cellchat"
"Lama3"	"ITGA1_ITGB1"	"LAMININ"	"cellchat"
"Lama4"	"ITGA1_ITGB1"	"LAMININ"	"cellchat"
"Lama5"	"ITGA1_ITGB1"	"LAMININ"	"cellchat"
"Lamb1"	"ITGA1_ITGB1"	"LAMININ"	"cellchat"
"Lamb2"	"ITGA1_ITGB1"	"LAMININ"	"cellchat"
"Lamb3"	"ITGA1_ITGB1"	"LAMININ"	"cellchat"
"Lamc1"	"ITGA1_ITGB1"	"LAMININ"	"cellchat"
"Lamc2"	"ITGA1_ITGB1"	"LAMININ"	"cellchat"
"Lamc3"	"ITGA1_ITGB1"	"LAMININ"	"cellchat"
"Lama1"	"ITGA2_ITGB1"	"LAMININ"	"cellchat"
"Lama2"	"ITGA2_ITGB1"	"LAMININ"	"cellchat"
"Lama3"	"ITGA2_ITGB1"	"LAMININ"	"cellchat"
"Lama4"	"ITGA2_ITGB1"	"LAMININ"	"cellchat"
"Lama5"	"ITGA2_ITGB1"	"LAMININ"	"cellchat"
"Lamb1"	"ITGA2_ITGB1"	"LAMININ"	"cellchat"
"Lamb2"	"ITGA2_ITGB1"	"LAMININ"	"cellchat"
"Lamb3"	"ITGA2_ITGB1"	"LAMININ"	"cellchat"
"Lamc1"	"ITGA2_ITGB1"	"LAMININ"	"cellchat"
"Lamc2"	"ITGA2_ITGB1"	"LAMININ"	"cellchat"
"Lamc3"	"ITGA2_ITGB1"	"LAMININ"	"cellchat"
"Chad"	"ITGA2_ITGB1"	"CHAD"	"cellchat"
"Lama1"	"ITGA3_ITGB1"	"LAMININ"	"cellchat"
"Lama2"	"ITGA3_ITGB1"	"LAMININ"	"cellchat"
"Lama3"	"ITGA3_ITGB1"	"LAMININ"	"cellchat"
"Lama4"	"ITGA3_ITGB1"	"LAMININ"	"cellchat"
"Lama5"	"ITGA3_ITGB1"	"LAMININ"	"cellchat"
"Lamb1"	"ITGA3_ITGB1"	"LAMININ"	"cellchat"
"Lamb2"	"ITGA3_ITGB1"	"LAMININ"	"cellchat"
"Lamb3"	"ITGA3_ITGB1"	"LAMININ"	"cellchat"
"Lamc1"	"ITGA3_ITGB1"	"LAMININ"	"cellchat"
"Lamc2"	"ITGA3_ITGB1"	"LAMININ"	"cellchat"
"Lamc3"	"ITGA3_ITGB1"	"LAMININ"	"cellchat"
"Reln"	"ITGA3_ITGB1"	"RELN"	"cellchat"
"Thbs1"	"ITGA3_ITGB1"	"THBS"	"cellchat"
"Thbs2"	"ITGA3_ITGB1"	"THBS"	"cellchat"
"Thbs3"	"ITGA3_ITGB1"	"THBS"	"cellchat"
"Thbs4"	"ITGA3_ITGB1"	"THBS"	"cellchat"
"Comp"	"ITGA3_ITGB1"	"THBS"	"cellchat"
"Col1a1"	"ITGA3_ITGB1"	"COLLAGEN"	"cellchat"
"Col1a2"	"ITGA3_ITGB1"	"COLLAGEN"	"cellchat"
"Col2a1"	"ITGA3_ITGB1"	"COLLAGEN"	"cellchat"
"Col4a1"	"ITGA3_ITGB1"	"COLLAGEN"	"cellchat"
"Col4a2"	"ITGA3_ITGB1"	"COLLAGEN"	"cellchat"
"Col4a3"	"ITGA3_ITGB1"	"COLLAGEN"	"cellchat"
"Col4a4"	"ITGA3_ITGB1"	"COLLAGEN"	"cellchat"
"Col4a5"	"ITGA3_ITGB1"	"COLLAGEN"	"cellchat"
"Col4a6"	"ITGA3_ITGB1"	"COLLAGEN"	"cellchat"
"Col6a1"	"ITGA3_ITGB1"	"COLLAGEN"	"cellchat"
"Col6a2"	"ITGA3_ITGB1"	"COLLAGEN"	"cellchat"
"Col6a3"	"ITGA3_ITGB1"	"COLLAGEN"	"cellchat"
"Col6a4"	"ITGA3_ITGB1"	"COLLAGEN"	"cellchat"
"Col6a5"	"ITGA3_ITGB1"	"COLLAGEN"	"cellchat"
"Col6a6"	"ITGA3_ITGB1"	"COLLAGEN"	"cellchat"
"Col9a1"	"ITGA3_ITGB1"	"COLLAGEN"	"cellchat"
"Col9a2"	"ITGA3_ITGB1"	"COLLAGEN"	"cellchat"
"Col9a3"	"ITGA3_ITGB1"	"COLLAGEN"	"cellchat"
"Lama1"	"ITGA6_ITGB1"	"LAMININ"	"cellchat"
"Lama2"	"ITGA6_ITGB1"	"LAMININ"	"cellchat"
"Lama3"	"ITGA6_ITGB1"	"LAMININ"	"cellchat"
"Lama4"	"ITGA6_ITGB1"	"LAMININ"	"cellchat"
"Lama5"	"ITGA6_ITGB1"	"LAMININ"	"cellchat"
"Lamb1"	"ITGA6_ITGB1"	"LAMININ"	"cellchat"
"Lamb2"	"ITGA6_ITGB1"	"LAMININ"	"cellchat"
"Lamb3"	"ITGA6_ITGB1"	"LAMININ"	"cellchat"
"Lamc1"	"ITGA6_ITGB1"	"LAMININ"	"cellchat"
"Lamc2"	"ITGA6_ITGB1"	"LAMININ"	"cellchat"
"Lamc3"	"ITGA6_ITGB1"	"LAMININ"	"cellchat"
"Lama1"	"ITGA7_ITGB1"	"LAMININ"	"cellchat"
"Lama2"	"ITGA7_ITGB1"	"LAMININ"	"cellchat"
"Lama3"	"ITGA7_ITGB1"	"LAMININ"	"cellchat"
"Lama4"	"ITGA7_ITGB1"	"LAMININ"	"cellchat"
"Lama5"	"ITGA7_ITGB1"	"LAMININ"	"cellchat"
"Lamb1"	"ITGA7_ITGB1"	"LAMININ"	"cellchat"
"Lamb2"	"ITGA7_ITGB1"	"LAMININ"	"cellchat"
"Lamb3"	"ITGA7_ITGB1"	"LAMININ"	"cellchat"
"Lamc1"	"ITGA7_ITGB1"	"LAMININ"	"cellchat"
"Lamc2"	"ITGA7_ITGB1"	"LAMININ"	"cellchat"
"Lamc3"	"ITGA7_ITGB1"	"LAMININ"	"cellchat"
"Vtn"	"ITGA8_ITGB1"	"VTN"	"cellchat"
"Tnc"	"ITGA8_ITGB1"	"TENASCIN"	"cellchat"
"Tnr"	"ITGA8_ITGB1"	"TENASCIN"	"cellchat"
"Tnn"	"ITGA8_ITGB1"	"TENASCIN"	"cellchat"
"Tnxb"	"ITGA8_ITGB1"	"TENASCIN"	"cellchat"
"Npnt complex 1"	"ITGA8_ITGB1"	"NPNT"	"cellchat"
"Npnt complex 2"	"ITGA8_ITGB1"	"NPNT"	"cellchat"
"Tnc"	"ITGA9_ITGB1"	"TENASCIN"	"cellchat"
"Tnr"	"ITGA9_ITGB1"	"TENASCIN"	"cellchat"
"Tnn"	"ITGA9_ITGB1"	"TENASCIN"	"cellchat"
"Tnxb"	"ITGA9_ITGB1"	"TENASCIN"	"cellchat"
"Col1a1"	"ITGA9_ITGB1"	"COLLAGEN"	"cellchat"
"Col1a2"	"ITGA9_ITGB1"	"COLLAGEN"	"cellchat"
"Col2a1"	"ITGA9_ITGB1"	"COLLAGEN"	"cellchat"
"Col4a1"	"ITGA9_ITGB1"	"COLLAGEN"	"cellchat"
"Col4a2"	"ITGA9_ITGB1"	"COLLAGEN"	"cellchat"
"Col4a3"	"ITGA9_ITGB1"	"COLLAGEN"	"cellchat"
"Col4a4"	"ITGA9_ITGB1"	"COLLAGEN"	"cellchat"
"Col4a5"	"ITGA9_ITGB1"	"COLLAGEN"	"cellchat"
"Col4a6"	"ITGA9_ITGB1"	"COLLAGEN"	"cellchat"
"Col6a1"	"ITGA9_ITGB1"	"COLLAGEN"	"cellchat"
"Col6a2"	"ITGA9_ITGB1"	"COLLAGEN"	"cellchat"
"Col6a3"	"ITGA9_ITGB1"	"COLLAGEN"	"cellchat"
"Col6a4"	"ITGA9_ITGB1"	"COLLAGEN"	"cellchat"
"Col6a5"	"ITGA9_ITGB1"	"COLLAGEN"	"cellchat"
"Col6a6"	"ITGA9_ITGB1"	"COLLAGEN"	"cellchat"
"Col9a1"	"ITGA9_ITGB1"	"COLLAGEN"	"cellchat"
"Col9a2"	"ITGA9_ITGB1"	"COLLAGEN"	"cellchat"
"Col9a3"	"ITGA9_ITGB1"	"COLLAGEN"	"cellchat"
"Lama1"	"ITGA9_ITGB1"	"LAMININ"	"cellchat"
"Lama2"	"ITGA9_ITGB1"	"LAMININ"	"cellchat"
"Lama3"	"ITGA9_ITGB1"	"LAMININ"	"cellchat"
"Lama4"	"ITGA9_ITGB1"	"LAMININ"	"cellchat"
"Lama5"	"ITGA9_ITGB1"	"LAMININ"	"cellchat"
"Lamb1"	"ITGA9_ITGB1"	"LAMININ"	"cellchat"
"Lamb2"	"ITGA9_ITGB1"	"LAMININ"	"cellchat"
"Lamb3"	"ITGA9_ITGB1"	"LAMININ"	"cellchat"
"Lamc1"	"ITGA9_ITGB1"	"LAMININ"	"cellchat"
"Lamc2"	"ITGA9_ITGB1"	"LAMININ"	"cellchat"
"Lamc3"	"ITGA9_ITGB1"	"LAMININ"	"cellchat"
"Col1a1"	"ITGA10_ITGB1"	"COLLAGEN"	"cellchat"
"Col1a2"	"ITGA10_ITGB1"	"COLLAGEN"	"cellchat"
"Col2a1"	"ITGA10_ITGB1"	"COLLAGEN"	"cellchat"
"Col4a1"	"ITGA10_ITGB1"	"COLLAGEN"	"cellchat"
"Col4a2"	"ITGA10_ITGB1"	"COLLAGEN"	"cellchat"
"Col4a3"	"ITGA10_ITGB1"	"COLLAGEN"	"cellchat"
"Col4a4"	"ITGA10_ITGB1"	"COLLAGEN"	"cellchat"
"Col4a5"	"ITGA10_ITGB1"	"COLLAGEN"	"cellchat"
"Col4a6"	"ITGA10_ITGB1"	"COLLAGEN"	"cellchat"
"Col6a1"	"ITGA10_ITGB1"	"COLLAGEN"	"cellchat"
"Col6a2"	"ITGA10_ITGB1"	"COLLAGEN"	"cellchat"
"Col6a3"	"ITGA10_ITGB1"	"COLLAGEN"	"cellchat"
"Col6a4"	"ITGA10_ITGB1"	"COLLAGEN"	"cellchat"
"Col6a5"	"ITGA10_ITGB1"	"COLLAGEN"	"cellchat"
"Col6a6"	"ITGA10_ITGB1"	"COLLAGEN"	"cellchat"
"Col9a1"	"ITGA10_ITGB1"	"COLLAGEN"	"cellchat"
"Col9a2"	"ITGA10_ITGB1"	"COLLAGEN"	"cellchat"
"Col9a3"	"ITGA10_ITGB1"	"COLLAGEN"	"cellchat"
"Col1a1"	"ITGA11_ITGB1"	"COLLAGEN"	"cellchat"
"Col1a2"	"ITGA11_ITGB1"	"COLLAGEN"	"cellchat"
"Col2a1"	"ITGA11_ITGB1"	"COLLAGEN"	"cellchat"
"Col4a1"	"ITGA11_ITGB1"	"COLLAGEN"	"cellchat"
"Col4a2"	"ITGA11_ITGB1"	"COLLAGEN"	"cellchat"
"Col4a3"	"ITGA11_ITGB1"	"COLLAGEN"	"cellchat"
"Col4a4"	"ITGA11_ITGB1"	"COLLAGEN"	"cellchat"
"Col4a5"	"ITGA11_ITGB1"	"COLLAGEN"	"cellchat"
"Col4a6"	"ITGA11_ITGB1"	"COLLAGEN"	"cellchat"
"Col6a1"	"ITGA11_ITGB1"	"COLLAGEN"	"cellchat"
"Col6a2"	"ITGA11_ITGB1"	"COLLAGEN"	"cellchat"
"Col6a3"	"ITGA11_ITGB1"	"COLLAGEN"	"cellchat"
"Col6a4"	"ITGA11_ITGB1"	"COLLAGEN"	"cellchat"
"Col6a5"	"ITGA11_ITGB1"	"COLLAGEN"	"cellchat"
"Col6a6"	"ITGA11_ITGB1"	"COLLAGEN"	"cellchat"
"Col9a1"	"ITGA11_ITGB1"	"COLLAGEN"	"cellchat"
"Col9a2"	"ITGA11_ITGB1"	"COLLAGEN"	"cellchat"
"Col9a3"	"ITGA11_ITGB1"	"COLLAGEN"	"cellchat"
"Fn1"	"ITGAV_ITGB1"	"FN1"	"cellchat"
"Vtn"	"ITGAV_ITGB1"	"VTN"	"cellchat"
"Dspp"	"ITGAV_ITGB1"	"DSPP"	"cellchat"
"Fn1"	"ITGA4_ITGB7"	"FN1"	"cellchat"
"Fn1"	"ITGAV_ITGB3"	"FN1"	"cellchat"
"Vtn"	"ITGAV_ITGB3"	"VTN"	"cellchat"
"Vwf"	"ITGAV_ITGB3"	"VWF"	"cellchat"
"Tnc"	"ITGAV_ITGB3"	"TENASCIN"	"cellchat"
"Tnr"	"ITGAV_ITGB3"	"TENASCIN"	"cellchat"
"Tnn"	"ITGAV_ITGB3"	"TENASCIN"	"cellchat"
"Tnxb"	"ITGAV_ITGB3"	"TENASCIN"	"cellchat"
"Ibsp"	"ITGAV_ITGB3"	"BSP"	"cellchat"
"Thbs1"	"ITGAV_ITGB3"	"THBS"	"cellchat"
"Thbs2"	"ITGAV_ITGB3"	"THBS"	"cellchat"
"Thbs3"	"ITGAV_ITGB3"	"THBS"	"cellchat"
"Thbs4"	"ITGAV_ITGB3"	"THBS"	"cellchat"
"Comp"	"ITGAV_ITGB3"	"THBS"	"cellchat"
"Dmp1"	"ITGAV_ITGB3"	"DMP1"	"cellchat"
"Fn1"	"ITGA2B_ITGB3"	"FN1"	"cellchat"
"Vtn"	"ITGA2B_ITGB3"	"VTN"	"cellchat"
"Vwf"	"ITGA2B_ITGB3"	"VWF"	"cellchat"
"Tnc"	"ITGA2B_ITGB3"	"TENASCIN"	"cellchat"
"Tnr"	"ITGA2B_ITGB3"	"TENASCIN"	"cellchat"
"Tnn"	"ITGA2B_ITGB3"	"TENASCIN"	"cellchat"
"Tnxb"	"ITGA2B_ITGB3"	"TENASCIN"	"cellchat"
"Vtn"	"ITGAV_ITGB5"	"VTN"	"cellchat"
"Ibsp"	"ITGAV_ITGB5"	"BSP"	"cellchat"
"Tnc"	"ITGAV_ITGB6"	"TENASCIN"	"cellchat"
"Tnr"	"ITGAV_ITGB6"	"TENASCIN"	"cellchat"
"Tnn"	"ITGAV_ITGB6"	"TENASCIN"	"cellchat"
"Tnxb"	"ITGAV_ITGB6"	"TENASCIN"	"cellchat"
"Fn1"	"ITGAV_ITGB6"	"FN1"	"cellchat"
"Dspp"	"ITGAV_ITGB6"	"DSPP"	"cellchat"
"Vtn"	"ITGAV_ITGB8"	"VTN"	"cellchat"
"Fn1"	"ITGAV_ITGB8"	"FN1"	"cellchat"
"Lama1"	"ITGAV_ITGB8"	"LAMININ"	"cellchat"
"Lama2"	"ITGAV_ITGB8"	"LAMININ"	"cellchat"
"Lama3"	"ITGAV_ITGB8"	"LAMININ"	"cellchat"
"Lama4"	"ITGAV_ITGB8"	"LAMININ"	"cellchat"
"Lama5"	"ITGAV_ITGB8"	"LAMININ"	"cellchat"
"Lamb1"	"ITGAV_ITGB8"	"LAMININ"	"cellchat"
"Lamb2"	"ITGAV_ITGB8"	"LAMININ"	"cellchat"
"Lamb3"	"ITGAV_ITGB8"	"LAMININ"	"cellchat"
"Lamc1"	"ITGAV_ITGB8"	"LAMININ"	"cellchat"
"Lamc2"	"ITGAV_ITGB8"	"LAMININ"	"cellchat"
"Lamc3"	"ITGAV_ITGB8"	"LAMININ"	"cellchat"
"Col1a1"	"ITGAV_ITGB8"	"COLLAGEN"	"cellchat"
"Col1a2"	"ITGAV_ITGB8"	"COLLAGEN"	"cellchat"
"Col2a1"	"ITGAV_ITGB8"	"COLLAGEN"	"cellchat"
"Col4a1"	"ITGAV_ITGB8"	"COLLAGEN"	"cellchat"
"Col4a2"	"ITGAV_ITGB8"	"COLLAGEN"	"cellchat"
"Col4a3"	"ITGAV_ITGB8"	"COLLAGEN"	"cellchat"
"Col4a4"	"ITGAV_ITGB8"	"COLLAGEN"	"cellchat"
"Col4a5"	"ITGAV_ITGB8"	"COLLAGEN"	"cellchat"
"Col4a6"	"ITGAV_ITGB8"	"COLLAGEN"	"cellchat"
"Col6a1"	"ITGAV_ITGB8"	"COLLAGEN"	"cellchat"
"Col6a2"	"ITGAV_ITGB8"	"COLLAGEN"	"cellchat"
"Col6a3"	"ITGAV_ITGB8"	"COLLAGEN"	"cellchat"
"Col6a4"	"ITGAV_ITGB8"	"COLLAGEN"	"cellchat"
"Col6a5"	"ITGAV_ITGB8"	"COLLAGEN"	"cellchat"
"Col6a6"	"ITGAV_ITGB8"	"COLLAGEN"	"cellchat"
"Col9a1"	"ITGAV_ITGB8"	"COLLAGEN"	"cellchat"
"Col9a2"	"ITGAV_ITGB8"	"COLLAGEN"	"cellchat"
"Col9a3"	"ITGAV_ITGB8"	"COLLAGEN"	"cellchat"
"Lama1"	"ITGA6_ITGB4"	"LAMININ"	"cellchat"
"Lama2"	"ITGA6_ITGB4"	"LAMININ"	"cellchat"
"Lama3"	"ITGA6_ITGB4"	"LAMININ"	"cellchat"
"Lama4"	"ITGA6_ITGB4"	"LAMININ"	"cellchat"
"Lama5"	"ITGA6_ITGB4"	"LAMININ"	"cellchat"
"Lamb1"	"ITGA6_ITGB4"	"LAMININ"	"cellchat"
"Lamb2"	"ITGA6_ITGB4"	"LAMININ"	"cellchat"
"Lamb3"	"ITGA6_ITGB4"	"LAMININ"	"cellchat"
"Lamc1"	"ITGA6_ITGB4"	"LAMININ"	"cellchat"
"Lamc2"	"ITGA6_ITGB4"	"LAMININ"	"cellchat"
"Lamc3"	"ITGA6_ITGB4"	"LAMININ"	"cellchat"
"Fn1"	"Cd44"	"FN1"	"cellchat"
"Col1a1"	"Cd44"	"COLLAGEN"	"cellchat"
"Col1a2"	"Cd44"	"COLLAGEN"	"cellchat"
"Col2a1"	"Cd44"	"COLLAGEN"	"cellchat"
"Col4a1"	"Cd44"	"COLLAGEN"	"cellchat"
"Col4a2"	"Cd44"	"COLLAGEN"	"cellchat"
"Col4a3"	"Cd44"	"COLLAGEN"	"cellchat"
"Col4a4"	"Cd44"	"COLLAGEN"	"cellchat"
"Col4a5"	"Cd44"	"COLLAGEN"	"cellchat"
"Col4a6"	"Cd44"	"COLLAGEN"	"cellchat"
"Col6a1"	"Cd44"	"COLLAGEN"	"cellchat"
"Col6a2"	"Cd44"	"COLLAGEN"	"cellchat"
"Col6a3"	"Cd44"	"COLLAGEN"	"cellchat"
"Col6a4"	"Cd44"	"COLLAGEN"	"cellchat"
"Col6a5"	"Cd44"	"COLLAGEN"	"cellchat"
"Col6a6"	"Cd44"	"COLLAGEN"	"cellchat"
"Col9a1"	"Cd44"	"COLLAGEN"	"cellchat"
"Col9a2"	"Cd44"	"COLLAGEN"	"cellchat"
"Col9a3"	"Cd44"	"COLLAGEN"	"cellchat"
"Lama1"	"Cd44"	"LAMININ"	"cellchat"
"Lama2"	"Cd44"	"LAMININ"	"cellchat"
"Lama3"	"Cd44"	"LAMININ"	"cellchat"
"Lama4"	"Cd44"	"LAMININ"	"cellchat"
"Lama5"	"Cd44"	"LAMININ"	"cellchat"
"Lamb1"	"Cd44"	"LAMININ"	"cellchat"
"Lamb2"	"Cd44"	"LAMININ"	"cellchat"
"Lamb3"	"Cd44"	"LAMININ"	"cellchat"
"Lamc1"	"Cd44"	"LAMININ"	"cellchat"
"Lamc2"	"Cd44"	"LAMININ"	"cellchat"
"Lamc3"	"Cd44"	"LAMININ"	"cellchat"
"Col1a1"	"Sdc1"	"COLLAGEN"	"cellchat"
"Col1a2"	"Sdc1"	"COLLAGEN"	"cellchat"
"Col2a1"	"Sdc1"	"COLLAGEN"	"cellchat"
"Col4a1"	"Sdc1"	"COLLAGEN"	"cellchat"
"Col4a2"	"Sdc1"	"COLLAGEN"	"cellchat"
"Col4a3"	"Sdc1"	"COLLAGEN"	"cellchat"
"Col4a4"	"Sdc1"	"COLLAGEN"	"cellchat"
"Col4a5"	"Sdc1"	"COLLAGEN"	"cellchat"
"Col4a6"	"Sdc1"	"COLLAGEN"	"cellchat"
"Col6a1"	"Sdc1"	"COLLAGEN"	"cellchat"
"Col6a2"	"Sdc1"	"COLLAGEN"	"cellchat"
"Col6a3"	"Sdc1"	"COLLAGEN"	"cellchat"
"Col6a4"	"Sdc1"	"COLLAGEN"	"cellchat"
"Col6a5"	"Sdc1"	"COLLAGEN"	"cellchat"
"Col6a6"	"Sdc1"	"COLLAGEN"	"cellchat"
"Col9a1"	"Sdc1"	"COLLAGEN"	"cellchat"
"Col9a2"	"Sdc1"	"COLLAGEN"	"cellchat"
"Col9a3"	"Sdc1"	"COLLAGEN"	"cellchat"
"Fn1"	"Sdc1"	"FN1"	"cellchat"
"Tnc"	"Sdc1"	"TENASCIN"	"cellchat"
"Tnr"	"Sdc1"	"TENASCIN"	"cellchat"
"Tnn"	"Sdc1"	"TENASCIN"	"cellchat"
"Tnxb"	"Sdc1"	"TENASCIN"	"cellchat"
"Thbs1"	"Sdc1"	"THBS"	"cellchat"
"Thbs2"	"Sdc1"	"THBS"	"cellchat"
"Thbs3"	"Sdc1"	"THBS"	"cellchat"
"Thbs4"	"Sdc1"	"THBS"	"cellchat"
"Comp"	"Sdc1"	"THBS"	"cellchat"
"Col1a1"	"Sdc4"	"COLLAGEN"	"cellchat"
"Col1a2"	"Sdc4"	"COLLAGEN"	"cellchat"
"Col2a1"	"Sdc4"	"COLLAGEN"	"cellchat"
"Col4a1"	"Sdc4"	"COLLAGEN"	"cellchat"
"Col4a2"	"Sdc4"	"COLLAGEN"	"cellchat"
"Col4a3"	"Sdc4"	"COLLAGEN"	"cellchat"
"Col4a4"	"Sdc4"	"COLLAGEN"	"cellchat"
"Col4a5"	"Sdc4"	"COLLAGEN"	"cellchat"
"Col4a6"	"Sdc4"	"COLLAGEN"	"cellchat"
"Col6a1"	"Sdc4"	"COLLAGEN"	"cellchat"
"Col6a2"	"Sdc4"	"COLLAGEN"	"cellchat"
"Col6a3"	"Sdc4"	"COLLAGEN"	"cellchat"
"Col6a4"	"Sdc4"	"COLLAGEN"	"cellchat"
"Col6a5"	"Sdc4"	"COLLAGEN"	"cellchat"
"Col6a6"	"Sdc4"	"COLLAGEN"	"cellchat"
"Col9a1"	"Sdc4"	"COLLAGEN"	"cellchat"
"Col9a2"	"Sdc4"	"COLLAGEN"	"cellchat"
"Col9a3"	"Sdc4"	"COLLAGEN"	"cellchat"
"Fn1"	"Sdc4"	"FN1"	"cellchat"
"Tnc"	"Sdc4"	"TENASCIN"	"cellchat"
"Tnr"	"Sdc4"	"TENASCIN"	"cellchat"
"Tnn"	"Sdc4"	"TENASCIN"	"cellchat"
"Tnxb"	"Sdc4"	"TENASCIN"	"cellchat"
"Thbs1"	"Sdc4"	"THBS"	"cellchat"
"Thbs2"	"Sdc4"	"THBS"	"cellchat"
"Thbs3"	"Sdc4"	"THBS"	"cellchat"
"Thbs4"	"Sdc4"	"THBS"	"cellchat"
"Comp"	"Sdc4"	"THBS"	"cellchat"
"Lama1"	"Sv2a"	"LAMININ"	"cellchat"
"Lama2"	"Sv2a"	"LAMININ"	"cellchat"
"Lama3"	"Sv2a"	"LAMININ"	"cellchat"
"Lama4"	"Sv2a"	"LAMININ"	"cellchat"
"Lama5"	"Sv2a"	"LAMININ"	"cellchat"
"Lamb1"	"Sv2a"	"LAMININ"	"cellchat"
"Lamb2"	"Sv2a"	"LAMININ"	"cellchat"
"Lamb3"	"Sv2a"	"LAMININ"	"cellchat"
"Lamc1"	"Sv2a"	"LAMININ"	"cellchat"
"Lamc2"	"Sv2a"	"LAMININ"	"cellchat"
"Lamc3"	"Sv2a"	"LAMININ"	"cellchat"
"Lama1"	"Sv2b"	"LAMININ"	"cellchat"
"Lama2"	"Sv2b"	"LAMININ"	"cellchat"
"Lama3"	"Sv2b"	"LAMININ"	"cellchat"
"Lama4"	"Sv2b"	"LAMININ"	"cellchat"
"Lama5"	"Sv2b"	"LAMININ"	"cellchat"
"Lamb1"	"Sv2b"	"LAMININ"	"cellchat"
"Lamb2"	"Sv2b"	"LAMININ"	"cellchat"
"Lamb3"	"Sv2b"	"LAMININ"	"cellchat"
"Lamc1"	"Sv2b"	"LAMININ"	"cellchat"
"Lamc2"	"Sv2b"	"LAMININ"	"cellchat"
"Lamc3"	"Sv2b"	"LAMININ"	"cellchat"
"Lama1"	"Sv2c"	"LAMININ"	"cellchat"
"Lama2"	"Sv2c"	"LAMININ"	"cellchat"
"Lama3"	"Sv2c"	"LAMININ"	"cellchat"
"Lama4"	"Sv2c"	"LAMININ"	"cellchat"
"Lama5"	"Sv2c"	"LAMININ"	"cellchat"
"Lamb1"	"Sv2c"	"LAMININ"	"cellchat"
"Lamb2"	"Sv2c"	"LAMININ"	"cellchat"
"Lamb3"	"Sv2c"	"LAMININ"	"cellchat"
"Lamc1"	"Sv2c"	"LAMININ"	"cellchat"
"Lamc2"	"Sv2c"	"LAMININ"	"cellchat"
"Lamc3"	"Sv2c"	"LAMININ"	"cellchat"
"Thbs1"	"Cd36"	"THBS"	"cellchat"
"Thbs2"	"Cd36"	"THBS"	"cellchat"
"Thbs3"	"Cd36"	"THBS"	"cellchat"
"Thbs4"	"Cd36"	"THBS"	"cellchat"
"Comp"	"Cd36"	"THBS"	"cellchat"
"Vwf"	"GP complex"	"VWF"	"cellchat"
"Col1a1"	"Gp6"	"COLLAGEN"	"cellchat"
"Col1a2"	"Gp6"	"COLLAGEN"	"cellchat"
"Col2a1"	"Gp6"	"COLLAGEN"	"cellchat"
"Col4a1"	"Gp6"	"COLLAGEN"	"cellchat"
"Col4a2"	"Gp6"	"COLLAGEN"	"cellchat"
"Col4a3"	"Gp6"	"COLLAGEN"	"cellchat"
"Col4a4"	"Gp6"	"COLLAGEN"	"cellchat"
"Col4a5"	"Gp6"	"COLLAGEN"	"cellchat"
"Col4a6"	"Gp6"	"COLLAGEN"	"cellchat"
"Col6a1"	"Gp6"	"COLLAGEN"	"cellchat"
"Col6a2"	"Gp6"	"COLLAGEN"	"cellchat"
"Col6a3"	"Gp6"	"COLLAGEN"	"cellchat"
"Col6a4"	"Gp6"	"COLLAGEN"	"cellchat"
"Col6a5"	"Gp6"	"COLLAGEN"	"cellchat"
"Col6a6"	"Gp6"	"COLLAGEN"	"cellchat"
"Col9a1"	"Gp6"	"COLLAGEN"	"cellchat"
"Col9a2"	"Gp6"	"COLLAGEN"	"cellchat"
"Col9a3"	"Gp6"	"COLLAGEN"	"cellchat"
"Thbs1"	"Cd47"	"THBS"	"cellchat"
"Thbs2"	"Cd47"	"THBS"	"cellchat"
"Thbs3"	"Cd47"	"THBS"	"cellchat"
"Thbs4"	"Cd47"	"THBS"	"cellchat"
"Comp"	"Cd47"	"THBS"	"cellchat"
"Agrn"	"Dag1"	"AGRN"	"cellchat"
"Hspg2"	"Dag1"	"HSPG"	"cellchat"
"Lama1"	"Dag1"	"LAMININ"	"cellchat"
"Lama2"	"Dag1"	"LAMININ"	"cellchat"
"Lama3"	"Dag1"	"LAMININ"	"cellchat"
"Lama4"	"Dag1"	"LAMININ"	"cellchat"
"Lama5"	"Dag1"	"LAMININ"	"cellchat"
"Lamb1"	"Dag1"	"LAMININ"	"cellchat"
"Lamb2"	"Dag1"	"LAMININ"	"cellchat"
"Lamb3"	"Dag1"	"LAMININ"	"cellchat"
"Lamc1"	"Dag1"	"LAMININ"	"cellchat"
"Lamc2"	"Dag1"	"LAMININ"	"cellchat"
"Lamc3"	"Dag1"	"LAMININ"	"cellchat"
"Adgre5"	"Cd55b"	"ADGRE5"	"cellchat"
"Alcam"	"Cd6"	"ALCAM"	"cellchat"
"Anxa1"	"FPR2_LXA4"	"ANXA1"	"cellchat"
"App"	"Cd74"	"APP"	"cellchat"
"Bst2"	"Pira2"	"BST2"	"cellchat"
"Cadm1"	"Cadm1"	"CADM"	"cellchat"
"Cadm3"	"Cadm3"	"CADM"	"cellchat"
"Cd1d2"	"Pira2"	"CD1D2"	"cellchat"
"Cd200"	"Cd200r1"	"CD200"	"cellchat"
"Cd200"	"Cd200r2"	"CD200"	"cellchat"
"Cd200"	"Cd200r3"	"CD200"	"cellchat"
"Cd200"	"Cd200r4"	"CD200"	"cellchat"
"Cd22"	"Ptprc"	"CD22"	"cellchat"
"Cd226"	"Nectin2"	"CD226"	"cellchat"
"Cd226"	"Pvr"	"CD226"	"cellchat"
"Fcer2a"	"ITGAM_ITGB2"	"CD23"	"cellchat"
"Fcer2a"	"ITGAX_ITGB2"	"CD23"	"cellchat"
"Fcer2a"	"ITGAV_ITGB3"	"CD23"	"cellchat"
"Fcer2a"	"Cr2"	"CD23"	"cellchat"
"Cd34"	"Selp"	"CD34"	"cellchat"
"Entpd1"	"Adora1"	"CD39"	"cellchat"
"Entpd1"	"Adora2a"	"CD39"	"cellchat"
"Entpd1"	"Adora2b"	"CD39"	"cellchat"
"Entpd1"	"Tmigd3"	"CD39"	"cellchat"
"Cd40lg"	"Cd40"	"CD40"	"cellchat"
"Ptprc"	"Cd22"	"CD45"	"cellchat"
"Ptprc"	"Mrc1"	"CD45"	"cellchat"
"Cd46"	"Jag1"	"CD46"	"cellchat"
"Cd48"	"Cd244a"	"CD48"	"cellchat"
"Cd52"	"Siglecg"	"CD52"	"cellchat"
"Cd6"	"Alcam"	"CD6"	"cellchat"
"Cd80"	"Cd274"	"CD80"	"cellchat"
"Cd80"	"Cd28"	"CD80"	"cellchat"
"Cd80"	"Ctla4"	"CD80"	"cellchat"
"Cd86"	"Cd28"	"CD86"	"cellchat"
"Cd86"	"Ctla4"	"CD86"	"cellchat"
"Cd96"	"Nectin1"	"CD96"	"cellchat"
"Cd96"	"Pvr"	"CD96"	"cellchat"
"Cd99"	"Pilra"	"CD99"	"cellchat"
"Cd99"	"Cd99"	"CD99"	"cellchat"
"Cdh15"	"Cdh15"	"CDH"	"cellchat"
"Cdh4"	"Cdh4"	"CDH"	"cellchat"
"Cdh2"	"Cdh2"	"CDH"	"cellchat"
"Cdh1"	"Cdh1"	"CDH"	"cellchat"
"Cdh1"	"ITGA2_ITGB1"	"CDH1"	"cellchat"
"Cdh1"	"ITGAE_ITGB7"	"CDH1"	"cellchat"
"Cdh1"	"Klrg1"	"CDH1"	"cellchat"
"Cdh5"	"Cdh5"	"CDH5"	"cellchat"
"Cd1d1"	"Ceacam5"	"CEACAM"	"cellchat"
"Cd209a"	"Ceacam1"	"CEACAM"	"cellchat"
"Cd8a"	"Ceacam5"	"CEACAM"	"cellchat"
"Ceacam1"	"Ceacam5"	"CEACAM"	"cellchat"
"Sele"	"Ceacam1"	"CEACAM"	"cellchat"
"Cldn11"	"Cldn11"	"CLDN"	"cellchat"
"Clec2d"	"Klrb1b"	"CLEC"	"cellchat"
"Clec2g"	"Klrb1"	"CLEC"	"cellchat"
"Clec2h"	"Klrb1"	"CLEC"	"cellchat"
"Clec2i"	"Klrb1"	"CLEC"	"cellchat"
"Clec2f"	"Klrb1f"	"CLEC"	"cellchat"
"Clec2g"	"Klrb1f"	"CLEC"	"cellchat"
"Clec2i"	"Klrb1f"	"CLEC"	"cellchat"
"Nfasc"	"CNTN1_CNTNAP1"	"CNTN"	"cellchat"
"Cntn2"	"CNTN2_CNTNAP2"	"CNTN"	"cellchat"
"Cntn2"	"L1cam"	"CNTN"	"cellchat"
"Cntn2"	"Cntn2"	"CNTN"	"cellchat"
"Cntn1"	"Nrcam"	"CNTN"	"cellchat"
"Cspg4"	"ITGA3_ITGB1"	"CSPG4"	"cellchat"
"Dsc1"	"Dsg1c"	"DESMOSOME"	"cellchat"
"Dsc1"	"Dsg2"	"DESMOSOME"	"cellchat"
"Dsc2"	"Dsg1c"	"DESMOSOME"	"cellchat"
"Dsc2"	"Dsg2"	"DESMOSOME"	"cellchat"
"Dsg1c"	"Dsc3"	"DESMOSOME"	"cellchat"
"Dsg2"	"Dsc3"	"DESMOSOME"	"cellchat"
"Epgn"	"Egfr"	"EPGN"	"cellchat"
"Efna1"	"Epha1"	"EPHA"	"cellchat"
"Efna1"	"Epha2"	"EPHA"	"cellchat"
"Efna1"	"Epha3"	"EPHA"	"cellchat"
"Efna1"	"Epha4"	"EPHA"	"cellchat"
"Efna1"	"Epha5"	"EPHA"	"cellchat"
"Efna1"	"Epha7"	"EPHA"	"cellchat"
"Efna1"	"Epha8"	"EPHA"	"cellchat"
"Efna2"	"Epha1"	"EPHA"	"cellchat"
"Efna2"	"Epha2"	"EPHA"	"cellchat"
"Efna2"	"Epha3"	"EPHA"	"cellchat"
"Efna2"	"Epha4"	"EPHA"	"cellchat"
"Efna2"	"Epha5"	"EPHA"	"cellchat"
"Efna2"	"Epha7"	"EPHA"	"cellchat"
"Efna2"	"Epha8"	"EPHA"	"cellchat"
"Efna3"	"Epha1"	"EPHA"	"cellchat"
"Efna3"	"Epha2"	"EPHA"	"cellchat"
"Efna3"	"Epha3"	"EPHA"	"cellchat"
"Efna3"	"Epha4"	"EPHA"	"cellchat"
"Efna3"	"Epha5"	"EPHA"	"cellchat"
"Efna3"	"Epha7"	"EPHA"	"cellchat"
"Efna3"	"Epha8"	"EPHA"	"cellchat"
"Efna4"	"Epha1"	"EPHA"	"cellchat"
"Efna4"	"Epha2"	"EPHA"	"cellchat"
"Efna4"	"Epha3"	"EPHA"	"cellchat"
"Efna4"	"Epha4"	"EPHA"	"cellchat"
"Efna4"	"Epha5"	"EPHA"	"cellchat"
"Efna4"	"Epha7"	"EPHA"	"cellchat"
"Efna4"	"Epha8"	"EPHA"	"cellchat"
"Efna5"	"Epha1"	"EPHA"	"cellchat"
"Efna5"	"Epha2"	"EPHA"	"cellchat"
"Efna5"	"Epha3"	"EPHA"	"cellchat"
"Efna5"	"Epha4"	"EPHA"	"cellchat"
"Efna5"	"Epha5"	"EPHA"	"cellchat"
"Efna5"	"Epha7"	"EPHA"	"cellchat"
"Efna5"	"Epha8"	"EPHA"	"cellchat"
"Efna5"	"Ephb2"	"EPHA"	"cellchat"
"Efnb1"	"Epha4"	"EPHB"	"cellchat"
"Efnb1"	"Ephb1"	"EPHB"	"cellchat"
"Efnb1"	"Ephb2"	"EPHB"	"cellchat"
"Efnb1"	"Ephb3"	"EPHB"	"cellchat"
"Efnb1"	"Ephb4"	"EPHB"	"cellchat"
"Efnb2"	"Epha4"	"EPHB"	"cellchat"
"Efnb2"	"Ephb1"	"EPHB"	"cellchat"
"Efnb2"	"Ephb2"	"EPHB"	"cellchat"
"Efnb2"	"Ephb3"	"EPHB"	"cellchat"
"Efnb2"	"Ephb4"	"EPHB"	"cellchat"
"Efnb3"	"Epha4"	"EPHB"	"cellchat"
"Efnb3"	"Ephb1"	"EPHB"	"cellchat"
"Efnb3"	"Ephb2"	"EPHB"	"cellchat"
"Efnb3"	"Ephb3"	"EPHB"	"cellchat"
"Efnb3"	"Ephb4"	"EPHB"	"cellchat"
"Efnb3"	"Ephb6"	"EPHB"	"cellchat"
"Esam"	"Esam"	"ESAM"	"cellchat"
"Gp1ba"	"ITGAM_ITGB2"	"GP1BA"	"cellchat"
"Icam1"	"ITGAX_ITGB2"	"ICAM"	"cellchat"
"Icam1"	"ITGAL_ITGB2"	"ICAM"	"cellchat"
"Icam2"	"ITGAL_ITGB2"	"ICAM"	"cellchat"
"Icam1"	"ITGAM_ITGB2"	"ICAM"	"cellchat"
"Icam2"	"ITGAM_ITGB2"	"ICAM"	"cellchat"
"Icam1"	"ITGAL_ITGB2L"	"ICAM"	"cellchat"
"Icam2"	"ITGAL_ITGB2L"	"ICAM"	"cellchat"
"Icam1"	"ITGAM_ITGB2L"	"ICAM"	"cellchat"
"Icam2"	"ITGAM_ITGB2L"	"ICAM"	"cellchat"
"Icam1"	"Itgal"	"ICAM"	"cellchat"
"Icam1"	"Spn"	"ICAM"	"cellchat"
"Icam5"	"Cd209a"	"ICAM"	"cellchat"
"Icam5"	"Cd209f"	"ICAM"	"cellchat"
"Icosl"	"Icos"	"ICOS"	"cellchat"
"Icosl"	"Cd28"	"ICOS"	"cellchat"
"Icosl"	"Ctla4"	"ICOS"	"cellchat"
"ITGAL_ITGB2"	"Cd226"	"ITGAL-ITGB2"	"cellchat"
"ITGAL_ITGB2"	"Icam1"	"ITGAL-ITGB2"	"cellchat"
"ITGAL_ITGB2"	"Icam2"	"ITGAL-ITGB2"	"cellchat"
"ITGAL_ITGB2L"	"Cd226"	"ITGAL-ITGB2"	"cellchat"
"ITGAL_ITGB2L"	"Icam1"	"ITGAL-ITGB2"	"cellchat"
"ITGAL_ITGB2L"	"Icam2"	"ITGAL-ITGB2"	"cellchat"
"Jam2"	"ITGA3_ITGB1"	"JAM"	"cellchat"
"Jam2"	"ITGAV_ITGB1"	"JAM"	"cellchat"
"Jam3"	"ITGAM_ITGB2"	"JAM"	"cellchat"
"F11r"	"ITGAL_ITGB2"	"JAM"	"cellchat"
"Jam3"	"ITGAM_ITGB2L"	"JAM"	"cellchat"
"Jam2"	"Jam3"	"JAM"	"cellchat"
"F11r"	"F11r"	"JAM"	"cellchat"
"F11r"	"Jam2"	"JAM"	"cellchat"
"F11r"	"Jam3"	"JAM"	"cellchat"
"Jam2"	"F11r"	"JAM"	"cellchat"
"Jam2"	"Jam2"	"JAM"	"cellchat"
"Jam3"	"F11r"	"JAM"	"cellchat"
"Jam3"	"Jam2"	"JAM"	"cellchat"
"Jam3"	"Jam3"	"JAM"	"cellchat"
"L1cam"	"ITGAV_ITGB3"	"L1CAM"	"cellchat"
"L1cam"	"ITGA4_ITGB7"	"L1CAM"	"cellchat"
"L1cam"	"L1cam"	"L1CAM"	"cellchat"
"Lair1"	"Pira2"	"LAIR1"	"cellchat"
"Lck"	"CD8 receptor"	"LCK"	"cellchat"
"Madcam1"	"ITGA4_ITGB7"	"MADCAM"	"cellchat"
"Mag"	"Mag"	"MAG"	"cellchat"
"H2-T23"	"KLRD1_KLRC1"	"MHC-I"	"cellchat"
"H2-T23"	"KLRD1_KLRC2"	"MHC-I"	"cellchat"
"H2-M2"	"Cd8a"	"MHC-I"	"cellchat"
"H2-M3"	"Cd8a"	"MHC-I"	"cellchat"
"H2-M9"	"Cd8a"	"MHC-I"	"cellchat"
"H2-Q1"	"Cd8a"	"MHC-I"	"cellchat"
"H2-Q10"	"Cd8a"	"MHC-I"	"cellchat"
"H2-Q2"	"Cd8a"	"MHC-I"	"cellchat"
"H2-Q7"	"Cd8a"	"MHC-I"	"cellchat"
"H2-Q8"	"Cd8a"	"MHC-I"	"cellchat"
"H2-T22"	"Cd8a"	"MHC-I"	"cellchat"
"H2-T23"	"Cd8a"	"MHC-I"	"cellchat"
"H2-T24"	"Cd8a"	"MHC-I"	"cellchat"
"H2-T3"	"Cd8a"	"MHC-I"	"cellchat"
"H2-T9"	"Cd8a"	"MHC-I"	"cellchat"
"H2-M10.4"	"Cd8a"	"MHC-I"	"cellchat"
"H2-M11"	"Cd8a"	"MHC-I"	"cellchat"
"H2-M1"	"Cd8a"	"MHC-I"	"cellchat"
"H2-M10.5"	"Cd8a"	"MHC-I"	"cellchat"
"H2-M10.2"	"Cd8a"	"MHC-I"	"cellchat"
"H2-M10.6"	"Cd8a"	"MHC-I"	"cellchat"
"H2-T10"	"Cd8a"	"MHC-I"	"cellchat"
"H2-Q6"	"Cd8a"	"MHC-I"	"cellchat"
"H2-M10.3"	"Cd8a"	"MHC-I"	"cellchat"
"H2-Bl"	"Cd8a"	"MHC-I"	"cellchat"
"H2-D1"	"Cd8a"	"MHC-I"	"cellchat"
"H2-K1"	"Cd8a"	"MHC-I"	"cellchat"
"H2-M10.1"	"Cd8a"	"MHC-I"	"cellchat"
"H2-T18"	"Cd8a"	"MHC-I"	"cellchat"
"H2-Q9"	"Cd8a"	"MHC-I"	"cellchat"
"Gm8909"	"Cd8a"	"MHC-I"	"cellchat"
"H2-L"	"Cd8a"	"MHC-I"	"cellchat"
"Gm10499"	"Cd8a"	"MHC-I"	"cellchat"
"H2-Q4"	"Cd8a"	"MHC-I"	"cellchat"
"H2-T-ps"	"Cd8a"	"MHC-I"	"cellchat"
"Gm11127"	"Cd8a"	"MHC-I"	"cellchat"
"H2-M5"	"Cd8a"	"MHC-I"	"cellchat"
"Gm7030"	"Cd8a"	"MHC-I"	"cellchat"
"H2-M2"	"Cd8b1"	"MHC-I"	"cellchat"
"H2-M3"	"Cd8b1"	"MHC-I"	"cellchat"
"H2-M9"	"Cd8b1"	"MHC-I"	"cellchat"
"H2-Q1"	"Cd8b1"	"MHC-I"	"cellchat"
"H2-Q10"	"Cd8b1"	"MHC-I"	"cellchat"
"H2-Q2"	"Cd8b1"	"MHC-I"	"cellchat"
"H2-Q7"	"Cd8b1"	"MHC-I"	"cellchat"
"H2-Q8"	"Cd8b1"	"MHC-I"	"cellchat"
"H2-T22"	"Cd8b1"	"MHC-I"	"cellchat"
"H2-T23"	"Cd8b1"	"MHC-I"	"cellchat"
"H2-T24"	"Cd8b1"	"MHC-I"	"cellchat"
"H2-T3"	"Cd8b1"	"MHC-I"	"cellchat"
"H2-T9"	"Cd8b1"	"MHC-I"	"cellchat"
"H2-M10.4"	"Cd8b1"	"MHC-I"	"cellchat"
"H2-M11"	"Cd8b1"	"MHC-I"	"cellchat"
"H2-M1"	"Cd8b1"	"MHC-I"	"cellchat"
"H2-M10.5"	"Cd8b1"	"MHC-I"	"cellchat"
"H2-M10.2"	"Cd8b1"	"MHC-I"	"cellchat"
"H2-M10.6"	"Cd8b1"	"MHC-I"	"cellchat"
"H2-T10"	"Cd8b1"	"MHC-I"	"cellchat"
"H2-Q6"	"Cd8b1"	"MHC-I"	"cellchat"
"H2-M10.3"	"Cd8b1"	"MHC-I"	"cellchat"
"H2-Bl"	"Cd8b1"	"MHC-I"	"cellchat"
"H2-D1"	"Cd8b1"	"MHC-I"	"cellchat"
"H2-K1"	"Cd8b1"	"MHC-I"	"cellchat"
"H2-M10.1"	"Cd8b1"	"MHC-I"	"cellchat"
"H2-T18"	"Cd8b1"	"MHC-I"	"cellchat"
"H2-Q9"	"Cd8b1"	"MHC-I"	"cellchat"
"Gm8909"	"Cd8b1"	"MHC-I"	"cellchat"
"H2-L"	"Cd8b1"	"MHC-I"	"cellchat"
"Gm10499"	"Cd8b1"	"MHC-I"	"cellchat"
"H2-Q4"	"Cd8b1"	"MHC-I"	"cellchat"
"H2-T-ps"	"Cd8b1"	"MHC-I"	"cellchat"
"Gm11127"	"Cd8b1"	"MHC-I"	"cellchat"
"H2-M5"	"Cd8b1"	"MHC-I"	"cellchat"
"Gm7030"	"Cd8b1"	"MHC-I"	"cellchat"
"H2-BI"	"Kir3dl1"	"MHC-I"	"cellchat"
"H2-D1"	"Kir3dl1"	"MHC-I"	"cellchat"
"H2-K1"	"Kir3dl1"	"MHC-I"	"cellchat"
"H2-Q1"	"Kir3dl1"	"MHC-I"	"cellchat"
"H2-Q10"	"Kir3dl1"	"MHC-I"	"cellchat"
"H2-Q2"	"Kir3dl1"	"MHC-I"	"cellchat"
"H2-Q4"	"Kir3dl1"	"MHC-I"	"cellchat"
"H2-Q6"	"Kir3dl1"	"MHC-I"	"cellchat"
"H2-Q7"	"Kir3dl1"	"MHC-I"	"cellchat"
"H2-D"	"Klra"	"MHC-I"	"cellchat"
"H2-K1"	"Klra"	"MHC-I"	"cellchat"
"Ulbp1"	"Klrk1"	"MHC-I"	"cellchat"
"Raet1a"	"Klrk1"	"MHC-I"	"cellchat"
"H60a"	"Klrk1"	"MHC-I"	"cellchat"
"H2-Ea-ps"	"Cd4"	"MHC-II"	"cellchat"
"H2-Aa"	"Cd4"	"MHC-II"	"cellchat"
"H2-Ab1"	"Cd4"	"MHC-II"	"cellchat"
"H2-Eb1"	"Cd4"	"MHC-II"	"cellchat"
"H2-DMa"	"Cd4"	"MHC-II"	"cellchat"
"H2-DMb1"	"Cd4"	"MHC-II"	"cellchat"
"H2-DMb2"	"Cd4"	"MHC-II"	"cellchat"
"H2-Oa"	"Cd4"	"MHC-II"	"cellchat"
"H2-Ob"	"Cd4"	"MHC-II"	"cellchat"
"Mpz"	"Mpzl1"	"MPZ"	"cellchat"
"Mpz"	"Mpz"	"MPZ"	"cellchat"
"Mpzl1"	"Mpzl1"	"MPZ"	"cellchat"
"Ncam1"	"Fgfr1"	"NCAM"	"cellchat"
"Ncam1"	"Ncam1"	"NCAM"	"cellchat"
"Ncam1"	"Ncam2"	"NCAM"	"cellchat"
"Ncam1"	"L1cam"	"NCAM"	"cellchat"
"Ncam2"	"L1cam"	"NCAM"	"cellchat"
"Nectin1"	"Cadm3"	"NECTIN"	"cellchat"
"Nectin1"	"Cd96"	"NECTIN"	"cellchat"
"Nectin1"	"Nectin4"	"NECTIN"	"cellchat"
"Nectin3"	"Nectin1"	"NECTIN"	"cellchat"
"Nectin3"	"Nectin2"	"NECTIN"	"cellchat"
"Nectin3"	"Pvr"	"NECTIN"	"cellchat"
"Nectin3"	"Tigit"	"NECTIN"	"cellchat"
"Nectin2"	"Cd226"	"NECTIN"	"cellchat"
"Nectin2"	"Tigit"	"NECTIN"	"cellchat"
"Nectin1"	"Nectin3"	"NECTIN"	"cellchat"
"Negr1"	"Negr1"	"NEGR"	"cellchat"
"Lrrc4c"	"Ntng1"	"NGL"	"cellchat"
"Lrrc4"	"Ntng2"	"NGL"	"cellchat"
"Lrrc4b"	"Ptprf"	"NGL"	"cellchat"
"Ulbp1"	"KLRK1_HCST"	"NKG2D"	"cellchat"
"Dlk1"	"Notch1"	"NOTCH"	"cellchat"
"Dlk1"	"Notch2"	"NOTCH"	"cellchat"
"Dlk1"	"Notch3"	"NOTCH"	"cellchat"
"Dlk1"	"Notch4"	"NOTCH"	"cellchat"
"Dll1"	"Notch1"	"NOTCH"	"cellchat"
"Dll1"	"Notch3"	"NOTCH"	"cellchat"
"Dll1"	"Notch4"	"NOTCH"	"cellchat"
"Dll3"	"Notch1"	"NOTCH"	"cellchat"
"Dll3"	"Notch2"	"NOTCH"	"cellchat"
"Dll3"	"Notch3"	"NOTCH"	"cellchat"
"Dll3"	"Notch4"	"NOTCH"	"cellchat"
"Dll4"	"Notch1"	"NOTCH"	"cellchat"
"Dll4"	"Notch2"	"NOTCH"	"cellchat"
"Dll4"	"Notch3"	"NOTCH"	"cellchat"
"Dll4"	"Notch4"	"NOTCH"	"cellchat"
"Jag1"	"Notch1"	"NOTCH"	"cellchat"
"Jag1"	"Notch2"	"NOTCH"	"cellchat"
"Jag1"	"Notch3"	"NOTCH"	"cellchat"
"Jag1"	"Notch4"	"NOTCH"	"cellchat"
"Jag2"	"Notch1"	"NOTCH"	"cellchat"
"Jag2"	"Notch2"	"NOTCH"	"cellchat"
"Jag2"	"Notch3"	"NOTCH"	"cellchat"
"Jag2"	"Notch4"	"NOTCH"	"cellchat"
"Dll1"	"Notch2"	"NOTCH"	"cellchat"
"Nrxn1"	"Nlgn1"	"NRXN"	"cellchat"
"Nrxn1"	"Nlgn2"	"NRXN"	"cellchat"
"Nrxn1"	"Nlgn3"	"NRXN"	"cellchat"
"Nrxn2"	"Nlgn1"	"NRXN"	"cellchat"
"Nrxn2"	"Nlgn2"	"NRXN"	"cellchat"
"Nrxn2"	"Nlgn3"	"NRXN"	"cellchat"
"Nrxn3"	"Nlgn1"	"NRXN"	"cellchat"
"Nrxn3"	"Nlgn2"	"NRXN"	"cellchat"
"Nrxn3"	"Nlgn3"	"NRXN"	"cellchat"
"Ocln"	"Ocln"	"OCLN"	"cellchat"
"Cd274"	"Pdcd1"	"PD-L1"	"cellchat"
"Pdcd1lg2"	"Pdcd1"	"PDL2"	"cellchat"
"Pecam1"	"Pecam1"	"PECAM1"	"cellchat"
"Ptprm"	"Ptprm"	"PTPRM"	"cellchat"
"Pvr"	"Cd226"	"PVR"	"cellchat"
"Pvr"	"Tigit"	"PVR"	"cellchat"
"Sele"	"Cd44"	"SELE"	"cellchat"
"Sele"	"Glg1"	"SELE"	"cellchat"
"Sell"	"Cd34"	"SELL"	"cellchat"
"Sell"	"Podxl"	"SELL"	"cellchat"
"Sell"	"Glycam1"	"SELL"	"cellchat"
"Sell"	"Madcam1"	"SELL"	"cellchat"
"Selplg"	"Sele"	"SELPLG"	"cellchat"
"Selplg"	"Sell"	"SELPLG"	"cellchat"
"Selplg"	"Selp"	"SELPLG"	"cellchat"
"Sema4a"	"NRP1_PLXNA1"	"SEMA4"	"cellchat"
"Sema4a"	"NRP1_PLXNA2"	"SEMA4"	"cellchat"
"Sema4a"	"NRP1_PLXNA3"	"SEMA4"	"cellchat"
"Sema4a"	"NRP1_PLXNA4"	"SEMA4"	"cellchat"
"Sema4a"	"Plxnb1"	"SEMA4"	"cellchat"
"Sema4a"	"Plxnb2"	"SEMA4"	"cellchat"
"Sema4a"	"Plxnb3"	"SEMA4"	"cellchat"
"Sema4d"	"Plxnb1"	"SEMA4"	"cellchat"
"Sema4d"	"Plxnb2"	"SEMA4"	"cellchat"
"Sema4d"	"Plxnb3"	"SEMA4"	"cellchat"
"Sema4c"	"Plxnb2"	"SEMA4"	"cellchat"
"Sema4g"	"Plxnb2"	"SEMA4"	"cellchat"
"Sema4a"	"Timd2"	"SEMA4"	"cellchat"
"Sema4d"	"Cd72"	"SEMA4"	"cellchat"
"Sema5a"	"Plxna1"	"SEMA5"	"cellchat"
"Sema5b"	"Plxna1"	"SEMA5"	"cellchat"
"Sema5a"	"Plxna3"	"SEMA5"	"cellchat"
"Sema5b"	"Plxna3"	"SEMA5"	"cellchat"
"Sema5a"	"Plxnb3"	"SEMA5"	"cellchat"
"Sema6d"	"PLXNA1_KDR"	"SEMA6"	"cellchat"
"Sema6d"	"PLXNA1_TREM2"	"SEMA6"	"cellchat"
"Sema6d"	"Plxna1"	"SEMA6"	"cellchat"
"Sema6a"	"Plxna2"	"SEMA6"	"cellchat"
"Sema6b"	"Plxna2"	"SEMA6"	"cellchat"
"Sema6a"	"Plxna4"	"SEMA6"	"cellchat"
"Sema6b"	"Plxna4"	"SEMA6"	"cellchat"
"Sema7a"	"ITGB1_ITGA1"	"SEMA7"	"cellchat"
"Sema7a"	"Plxnc1"	"SEMA7"	"cellchat"
"Siglec1"	"Spn"	"SN"	"cellchat"
"Thy1"	"ITGAM_ITGB2"	"THY1"	"cellchat"
"Thy1"	"ITGAX_ITGB2"	"THY1"	"cellchat"
"Thy1"	"ITGAV_ITGB3"	"THY1"	"cellchat"
"Tigit"	"Nectin2"	"TIGIT"	"cellchat"
"Tigit"	"Pvr"	"TIGIT"	"cellchat"
"ITGA4_ITGB1"	"Vcam1"	"VCAM"	"cellchat"
"ITGA9_ITGB1"	"Vcam1"	"VCAM"	"cellchat"
"ITGA4_ITGB7"	"Vcam1"	"VCAM"	"cellchat"
"Vsir"	"Igsf11"	"VISTA"	"cellchat"
