"gene","avg_log2FC","p_val","p_val_adj","pct_roi","pct_rest","sample","roi","reference","test","expression_assay","logfc_cutoff","fdr_cutoff","min_pct","n_spots_roi","n_spots_rest","passes_selected_filters","complete_gene_table","analysis_format_version","n_genes_tested","Moran_I","Moran_padj","spatial_class"
"AC111182.1",8.7035,1.88565589966541e-44,1.50399914557313e-40,0.054,0,"P2N_Spatial","ROI 1","Rest","wilcox","Spatial",0.25,0.05,0.05,37,3619,TRUE,FALSE,2,298,-0.0520817469494182,0.891133151808677,"Not structured"
"C4orf47",8.618,6.15961432458686e-30,2.45645419264524e-26,0.054,0,"P2N_Spatial","ROI 1","Rest","wilcox","Spatial",0.25,0.05,0.05,37,3619,TRUE,FALSE,2,298,-0.0512288178511511,0.891133151808677,"Not structured"
"AC011511.5",6.6158,1.22498227285417e-22,2.44261465207121e-19,0.054,0.001,"P2N_Spatial","ROI 1","Rest","wilcox","Spatial",0.25,0.05,0.05,37,3619,TRUE,FALSE,2,298,-0.0331567436876998,0.891133151808677,"Not structured"
"AC004221.1",6.584,1.22498227285417e-22,2.44261465207121e-19,0.054,0.001,"P2N_Spatial","ROI 1","Rest","wilcox","Spatial",0.25,0.05,0.05,37,3619,TRUE,FALSE,2,298,0.0260583260941159,0.539589736862351,"Not structured"
"AC106739.1",6.1274,2.87797265081141e-18,3.90927016218519e-15,0.054,0.001,"P2N_Spatial","ROI 1","Rest","wilcox","Spatial",0.25,0.05,0.05,37,3619,TRUE,FALSE,2,298,-0.0669619601477234,0.891133151808677,"Not structured"
"TRPC3",6.0202,2.94077494647833e-18,3.90927016218519e-15,0.054,0.001,"P2N_Spatial","ROI 1","Rest","wilcox","Spatial",0.25,0.05,0.05,37,3619,TRUE,FALSE,2,298,-0.0619410386486857,0.891133151808677,"Not structured"
"FAM163B",5.8051,2.48693329847761e-15,2.53341562064451e-12,0.054,0.001,"P2N_Spatial","ROI 1","Rest","wilcox","Spatial",0.25,0.05,0.05,37,3619,TRUE,FALSE,2,298,-0.0707058135265545,0.891133151808677,"Not structured"
"AC027449.1",4.9212,1.15834121263216e-12,6.59923536568152e-10,0.081,0.004,"P2N_Spatial","ROI 1","Rest","wilcox","Spatial",0.25,0.05,0.05,37,3619,TRUE,FALSE,2,298,-0.0898786248289238,0.8935812524372,"Not structured"
"FP565260.3",4.9199,2.03789699954982e-07,3.31719723845089e-05,0.054,0.003,"P2N_Spatial","ROI 1","Rest","wilcox","Spatial",0.25,0.05,0.05,37,3619,TRUE,FALSE,2,298,-0.0419250904911501,0.891133151808677,"Not structured"
"AL590560.2",4.8853,1.68876258449494e-06,0.000213802704348121,0.054,0.004,"P2N_Spatial","ROI 1","Rest","wilcox","Spatial",0.25,0.05,0.05,37,3619,TRUE,FALSE,2,298,0.0992952155437313,0.0650283412689598,"Not structured"
"CYTL1",4.8116,1.67690886389694e-06,0.000213802704348121,0.054,0.004,"P2N_Spatial","ROI 1","Rest","wilcox","Spatial",0.25,0.05,0.05,37,3619,TRUE,FALSE,2,298,-0.0511704941012557,0.891133151808677,"Not structured"
"KCNAB3",4.6573,1.66487377748335e-05,0.00144337317926166,0.054,0.004,"P2N_Spatial","ROI 1","Rest","wilcox","Spatial",0.25,0.05,0.05,37,3619,TRUE,FALSE,2,298,-0.0643337784185924,0.891133151808677,"Not structured"
"CEP55",4.5542,4.01167745817437e-06,0.000429413993284284,0.054,0.004,"P2N_Spatial","ROI 1","Rest","wilcox","Spatial",0.25,0.05,0.05,37,3619,TRUE,FALSE,2,298,0.0983841807280489,0.100148676077553,"Not structured"
"KCND2",4.5146,1.22334617649764e-08,2.74949177888099e-06,0.054,0.002,"P2N_Spatial","ROI 1","Rest","wilcox","Spatial",0.25,0.05,0.05,37,3619,TRUE,FALSE,2,298,-0.0534825360500796,0.891133151808677,"Not structured"
"IL10RB-DT",4.3784,4.09170806038184e-06,0.000429413993284284,0.054,0.004,"P2N_Spatial","ROI 1","Rest","wilcox","Spatial",0.25,0.05,0.05,37,3619,TRUE,FALSE,2,298,-0.0687557475158276,0.891133151808677,"Not structured"
"SCARF2",4.3707,1.19494924815776e-06,0.000161540935649259,0.081,0.008,"P2N_Spatial","ROI 1","Rest","wilcox","Spatial",0.25,0.05,0.05,37,3619,TRUE,FALSE,2,298,-0.0709386485330554,0.891133151808677,"Not structured"
"ZNF85",4.3474,8.78264100801011e-06,0.000843980056384201,0.054,0.004,"P2N_Spatial","ROI 1","Rest","wilcox","Spatial",0.25,0.05,0.05,37,3619,TRUE,FALSE,2,298,-0.0669852186552937,0.891133151808677,"Not structured"
"GPR82",4.303,0.000216427215599831,0.0101542557154368,0.054,0.006,"P2N_Spatial","ROI 1","Rest","wilcox","Spatial",0.25,0.05,0.05,37,3619,TRUE,FALSE,2,298,-0.0478880966945285,0.891133151808677,"Not structured"
"HJURP",4.2781,4.06486268758462e-06,0.000429413993284284,0.054,0.004,"P2N_Spatial","ROI 1","Rest","wilcox","Spatial",0.25,0.05,0.05,37,3619,TRUE,FALSE,2,298,-0.0619696865471017,0.891133151808677,"Not structured"
"ARMC2",4.2588,8.79879758799343e-05,0.00516023599719379,0.054,0.005,"P2N_Spatial","ROI 1","Rest","wilcox","Spatial",0.25,0.05,0.05,37,3619,TRUE,FALSE,2,298,0.12419379723453,0.0490811040388091,"Weakly structured"
"PDZK1",-4.1575,0.000207615702444839,0.00985680263511924,0,0.279,"P2N_Spatial","ROI 1","Rest","wilcox","Spatial",0.25,0.05,0.05,37,3619,TRUE,FALSE,2,298,NA,NA,"Not tested"
"GDNF-AS1",4.0511,0.000140130611846825,0.00721085006509855,0.054,0.006,"P2N_Spatial","ROI 1","Rest","wilcox","Spatial",0.25,0.05,0.05,37,3619,TRUE,FALSE,2,298,-0.038973126334599,0.891133151808677,"Not structured"
"ACKR4",3.9596,3.19162261069572e-05,0.00243826249647593,0.054,0.005,"P2N_Spatial","ROI 1","Rest","wilcox","Spatial",0.25,0.05,0.05,37,3619,TRUE,FALSE,2,298,-0.0510475956265122,0.891133151808677,"Not structured"
"SAMD3",3.9564,0.00175850146599065,0.0475335929023273,0.054,0.008,"P2N_Spatial","ROI 1","Rest","wilcox","Spatial",0.25,0.05,0.05,37,3619,TRUE,FALSE,2,298,-0.0285269405774857,0.891133151808677,"Not structured"
"RNF212",3.8962,0.000137505839539034,0.00716827827557738,0.054,0.006,"P2N_Spatial","ROI 1","Rest","wilcox","Spatial",0.25,0.05,0.05,37,3619,TRUE,FALSE,2,298,-0.0577608834613137,0.891133151808677,"Not structured"
"MGAT3",3.8949,0.000321193485025752,0.0132053568895123,0.054,0.006,"P2N_Spatial","ROI 1","Rest","wilcox","Spatial",0.25,0.05,0.05,37,3619,TRUE,FALSE,2,298,-0.0420468569982521,0.891133151808677,"Not structured"
"AC010883.3",3.8662,0.00109006114827912,0.0339622176510712,0.054,0.007,"P2N_Spatial","ROI 1","Rest","wilcox","Spatial",0.25,0.05,0.05,37,3619,TRUE,FALSE,2,298,-0.0518167837554489,0.891133151808677,"Not structured"
"C1orf61",3.8273,4.41038529741864e-07,6.7648525254252e-05,0.081,0.007,"P2N_Spatial","ROI 1","Rest","wilcox","Spatial",0.25,0.05,0.05,37,3619,TRUE,FALSE,2,298,-0.024607614809532,0.891133151808677,"Not structured"
"PTPRD-AS1",3.8265,9.06459310598501e-05,0.00523021064690291,0.054,0.005,"P2N_Spatial","ROI 1","Rest","wilcox","Spatial",0.25,0.05,0.05,37,3619,TRUE,FALSE,2,298,-0.051244452794993,0.891133151808677,"Not structured"
"COL28A1",3.7964,0.000308981578079904,0.0131087078019431,0.054,0.006,"P2N_Spatial","ROI 1","Rest","wilcox","Spatial",0.25,0.05,0.05,37,3619,TRUE,FALSE,2,298,-0.0425334150191143,0.891133151808677,"Not structured"
"SLC45A1",3.7777,3.20923120936436e-05,0.00243826249647593,0.054,0.005,"P2N_Spatial","ROI 1","Rest","wilcox","Spatial",0.25,0.05,0.05,37,3619,TRUE,FALSE,2,298,-0.0470265413344234,0.891133151808677,"Not structured"
"AP000892.3",3.7739,0.000612093708492864,0.0217949081202638,0.054,0.007,"P2N_Spatial","ROI 1","Rest","wilcox","Spatial",0.25,0.05,0.05,37,3619,TRUE,FALSE,2,298,-0.0713904039256297,0.891133151808677,"Not structured"
"RFTN2",3.756,0.000333122570460905,0.0135560490918173,0.081,0.013,"P2N_Spatial","ROI 1","Rest","wilcox","Spatial",0.25,0.05,0.05,37,3619,TRUE,FALSE,2,298,-0.0768068517215824,0.891133151808677,"Not structured"
"RASL11B",3.7001,0.000313003068930584,0.0131102379657673,0.054,0.006,"P2N_Spatial","ROI 1","Rest","wilcox","Spatial",0.25,0.05,0.05,37,3619,TRUE,FALSE,2,298,-0.0470041249920819,0.891133151808677,"Not structured"
"PRPH",3.6538,9.20031773682254e-05,0.00523021064690291,0.054,0.005,"P2N_Spatial","ROI 1","Rest","wilcox","Spatial",0.25,0.05,0.05,37,3619,TRUE,FALSE,2,298,-0.0569064225749074,0.891133151808677,"Not structured"
"LINC00882",3.6362,9.20031773682254e-05,0.00523021064690291,0.054,0.005,"P2N_Spatial","ROI 1","Rest","wilcox","Spatial",0.25,0.05,0.05,37,3619,TRUE,FALSE,2,298,-0.0329330258024659,0.891133151808677,"Not structured"
"SPINK4",3.6012,5.10504850333526e-11,2.39516863897659e-08,0.135,0.012,"P2N_Spatial","ROI 1","Rest","wilcox","Spatial",0.25,0.05,0.05,37,3619,TRUE,FALSE,2,298,-0.0359553504439483,0.891133151808677,"Not structured"
"MANCR",3.5874,9.24598421781985e-05,0.00523021064690291,0.054,0.005,"P2N_Spatial","ROI 1","Rest","wilcox","Spatial",0.25,0.05,0.05,37,3619,TRUE,FALSE,2,298,-0.0618775188085438,0.891133151808677,"Not structured"
"SEC14L4",3.5417,0.000831686214953342,0.0273139834890048,0.054,0.007,"P2N_Spatial","ROI 1","Rest","wilcox","Spatial",0.25,0.05,0.05,37,3619,TRUE,FALSE,2,298,-0.0558426954351317,0.891133151808677,"Not structured"
"DEFA3",3.502,0.00108607692044718,0.0339622176510712,0.054,0.007,"P2N_Spatial","ROI 1","Rest","wilcox","Spatial",0.25,0.05,0.05,37,3619,TRUE,FALSE,2,298,-0.0714914213105071,0.891133151808677,"Not structured"
"AL136295.2",3.4559,0.000143477958946328,0.00733577051638407,0.054,0.006,"P2N_Spatial","ROI 1","Rest","wilcox","Spatial",0.25,0.05,0.05,37,3619,TRUE,FALSE,2,298,-0.0517554146679052,0.891133151808677,"Not structured"
"RND2",3.4382,9.89979739149506e-05,0.00552173314647305,0.081,0.011,"P2N_Spatial","ROI 1","Rest","wilcox","Spatial",0.25,0.05,0.05,37,3619,TRUE,FALSE,2,298,-0.098280411221007,0.898447058254601,"Not structured"
"ALG1L",3.4243,7.73094623713196e-05,0.00467136569601247,0.081,0.011,"P2N_Spatial","ROI 1","Rest","wilcox","Spatial",0.25,0.05,0.05,37,3619,TRUE,FALSE,2,298,0.0364928677974576,0.522874092752935,"Not structured"
"NPIPB4",3.4149,0.00143302652465472,0.0413806544810332,0.054,0.007,"P2N_Spatial","ROI 1","Rest","wilcox","Spatial",0.25,0.05,0.05,37,3619,TRUE,FALSE,2,298,-0.0431841927740936,0.891133151808677,"Not structured"
"SMIM10L2B",3.4128,0.00143302652465472,0.0413806544810332,0.054,0.007,"P2N_Spatial","ROI 1","Rest","wilcox","Spatial",0.25,0.05,0.05,37,3619,TRUE,FALSE,2,298,-0.0664474895318048,0.891133151808677,"Not structured"
"FCRL6",3.4033,1.24099428334649e-08,2.74949177888099e-06,0.135,0.015,"P2N_Spatial","ROI 1","Rest","wilcox","Spatial",0.25,0.05,0.05,37,3619,TRUE,FALSE,2,298,-0.06234690449407,0.891133151808677,"Not structured"
"UBR5-AS1",3.3969,0.00110613361492884,0.0341855264390621,0.054,0.007,"P2N_Spatial","ROI 1","Rest","wilcox","Spatial",0.25,0.05,0.05,37,3619,TRUE,FALSE,2,298,-0.0687557475158276,0.891133151808677,"Not structured"
"IFNG-AS1",3.3524,3.31683658046164e-05,0.00243826249647593,0.054,0.005,"P2N_Spatial","ROI 1","Rest","wilcox","Spatial",0.25,0.05,0.05,37,3619,TRUE,FALSE,2,298,-0.049208790325378,0.891133151808677,"Not structured"
"CD160",3.3176,4.1054136872839e-05,0.0027986991085279,0.108,0.018,"P2N_Spatial","ROI 1","Rest","wilcox","Spatial",0.25,0.05,0.05,37,3619,TRUE,FALSE,2,298,-0.145693031521835,0.944349785452732,"Not structured"
"AC011374.2",3.3074,0.000683552838168394,0.0236018070875806,0.081,0.014,"P2N_Spatial","ROI 1","Rest","wilcox","Spatial",0.25,0.05,0.05,37,3619,TRUE,FALSE,2,298,-0.108764885419488,0.898447058254601,"Not structured"
"GUCY1A2",3.2474,3.71836684655683e-05,0.00262457468744578,0.108,0.017,"P2N_Spatial","ROI 1","Rest","wilcox","Spatial",0.25,0.05,0.05,37,3619,TRUE,FALSE,2,298,0.171054608215268,0.0254244717714581,"Weakly structured"
"CDK20",3.2389,0.000192255650692315,0.00918222197558027,0.081,0.012,"P2N_Spatial","ROI 1","Rest","wilcox","Spatial",0.25,0.05,0.05,37,3619,TRUE,FALSE,2,298,0.0434355895878846,0.483246289645223,"Not structured"
"ZNF443",3.2148,0.000359925800668429,0.0143743617808727,0.081,0.013,"P2N_Spatial","ROI 1","Rest","wilcox","Spatial",0.25,0.05,0.05,37,3619,TRUE,FALSE,2,298,-0.10781603515069,0.898447058254601,"Not structured"
"TMCC3",3.1497,3.2538267637799e-05,0.00243826249647593,0.135,0.026,"P2N_Spatial","ROI 1","Rest","wilcox","Spatial",0.25,0.05,0.05,37,3619,TRUE,FALSE,2,298,-0.10567625849734,0.898447058254601,"Not structured"
"FAM86C1",3.102,0.000823564604762848,0.0272562294090808,0.081,0.014,"P2N_Spatial","ROI 1","Rest","wilcox","Spatial",0.25,0.05,0.05,37,3619,TRUE,FALSE,2,298,0.00355960147481184,0.74498863809719,"Not structured"
"AC004130.2",3.0481,0.000230483253914834,0.0106879908908414,0.054,0.006,"P2N_Spatial","ROI 1","Rest","wilcox","Spatial",0.25,0.05,0.05,37,3619,TRUE,FALSE,2,298,-0.0384500732256703,0.891133151808677,"Not structured"
"HOMEZ",3.0356,0.000833341615902995,0.0273139834890048,0.108,0.024,"P2N_Spatial","ROI 1","Rest","wilcox","Spatial",0.25,0.05,0.05,37,3619,TRUE,FALSE,2,298,0.105563939311271,0.122444422710303,"Not structured"
"FOXC2",2.9951,0.00148956987026832,0.0425835458253051,0.054,0.007,"P2N_Spatial","ROI 1","Rest","wilcox","Spatial",0.25,0.05,0.05,37,3619,TRUE,FALSE,2,298,0.123942724605106,0.0490811040388091,"Weakly structured"
"Z97989.1",2.9741,0.000127939305186899,0.00675790661040201,0.081,0.012,"P2N_Spatial","ROI 1","Rest","wilcox","Spatial",0.25,0.05,0.05,37,3619,TRUE,FALSE,2,298,-0.0926415017797196,0.8935812524372,"Not structured"
"ZNF831",2.944,6.55086666166377e-05,0.00417904685168736,0.081,0.011,"P2N_Spatial","ROI 1","Rest","wilcox","Spatial",0.25,0.05,0.05,37,3619,TRUE,FALSE,2,298,0.0330549038250874,0.541537336235071,"Not structured"
"GRAP",2.9335,7.79456839191349e-05,0.00467439680405278,0.189,0.051,"P2N_Spatial","ROI 1","Rest","wilcox","Spatial",0.25,0.05,0.05,37,3619,TRUE,FALSE,2,298,-0.10063623683972,0.8935812524372,"Not structured"
"MID2",2.9312,6.35094918799364e-05,0.00415206317405224,0.108,0.018,"P2N_Spatial","ROI 1","Rest","wilcox","Spatial",0.25,0.05,0.05,37,3619,TRUE,FALSE,2,298,0.0989941953222356,0.197748392662604,"Not structured"
"VAV1",2.9039,0.000594073382912366,0.0212481134623723,0.108,0.023,"P2N_Spatial","ROI 1","Rest","wilcox","Spatial",0.25,0.05,0.05,37,3619,TRUE,FALSE,2,298,-0.121273891224125,0.930854258440179,"Not structured"
"FAIM2",2.896,6.45776043698996e-05,0.00415379816495419,0.081,0.011,"P2N_Spatial","ROI 1","Rest","wilcox","Spatial",0.25,0.05,0.05,37,3619,TRUE,FALSE,2,298,-0.0818049599253619,0.891133151808677,"Not structured"
"HSPA1L",2.8603,0.0015159448767284,0.0428765118325736,0.054,0.007,"P2N_Spatial","ROI 1","Rest","wilcox","Spatial",0.25,0.05,0.05,37,3619,TRUE,FALSE,2,298,0.109152595954305,0.0773157097106909,"Not structured"
"MSX1",2.8504,0.00150006872110295,0.0427305289982755,0.054,0.007,"P2N_Spatial","ROI 1","Rest","wilcox","Spatial",0.25,0.05,0.05,37,3619,TRUE,FALSE,2,298,-0.0437858853561205,0.891133151808677,"Not structured"
"CCDC86",2.836,7.39270863422653e-05,0.00454724797524142,0.135,0.028,"P2N_Spatial","ROI 1","Rest","wilcox","Spatial",0.25,0.05,0.05,37,3619,TRUE,FALSE,2,298,0.0701960802865867,0.349721072099728,"Not structured"
"PBX4",2.7198,0.00117806271567007,0.0357271034988004,0.081,0.015,"P2N_Spatial","ROI 1","Rest","wilcox","Spatial",0.25,0.05,0.05,37,3619,TRUE,FALSE,2,298,-0.0840806506473461,0.891133151808677,"Not structured"
"ACTR5",2.6984,0.000119121166145613,0.00646333619848578,0.135,0.029,"P2N_Spatial","ROI 1","Rest","wilcox","Spatial",0.25,0.05,0.05,37,3619,TRUE,FALSE,2,298,-0.0166440483918486,0.881394861221629,"Not structured"
"ADGRB3",2.6763,0.00159247977638135,0.0442565111373437,0.081,0.015,"P2N_Spatial","ROI 1","Rest","wilcox","Spatial",0.25,0.05,0.05,37,3619,TRUE,FALSE,2,298,-0.0834378256696068,0.891133151808677,"Not structured"
"ATRIP",2.656,0.000260343384095669,0.0115361046197059,0.162,0.043,"P2N_Spatial","ROI 1","Rest","wilcox","Spatial",0.25,0.05,0.05,37,3619,TRUE,FALSE,2,298,0.0759650216758081,0.32864669687242,"Not structured"
"SEMA3C",2.6546,3.54785870204798e-05,0.00257252009159406,0.162,0.036,"P2N_Spatial","ROI 1","Rest","wilcox","Spatial",0.25,0.05,0.05,37,3619,TRUE,FALSE,2,298,-0.00046258993589563,0.772919399504826,"Not structured"
"HHIPL1",2.6155,0.000149348121930901,0.00750673805287083,0.108,0.02,"P2N_Spatial","ROI 1","Rest","wilcox","Spatial",0.25,0.05,0.05,37,3619,TRUE,FALSE,2,298,-0.0830444057973179,0.891133151808677,"Not structured"
"ITPR3",2.6153,0.000499742568990227,0.0185612847746145,0.135,0.033,"P2N_Spatial","ROI 1","Rest","wilcox","Spatial",0.25,0.05,0.05,37,3619,TRUE,FALSE,2,298,0.0855585128587124,0.245855260668725,"Not structured"
"COL9A3",2.6121,0.000285356924687257,0.0122554154200708,0.108,0.021,"P2N_Spatial","ROI 1","Rest","wilcox","Spatial",0.25,0.05,0.05,37,3619,TRUE,FALSE,2,298,-0.0763935713294758,0.891133151808677,"Not structured"
"IGSF10",2.6049,0.000646645031149434,0.0227208844425017,0.135,0.034,"P2N_Spatial","ROI 1","Rest","wilcox","Spatial",0.25,0.05,0.05,37,3619,TRUE,FALSE,2,298,0.052137561468429,0.462873846916042,"Not structured"
"ARSK",2.5831,0.000139694305108072,0.00721085006509855,0.135,0.029,"P2N_Spatial","ROI 1","Rest","wilcox","Spatial",0.25,0.05,0.05,37,3619,TRUE,FALSE,2,298,-0.0625776801286615,0.891133151808677,"Not structured"
"NLRP3",2.5756,0.00120550957122942,0.0361220427259494,0.081,0.015,"P2N_Spatial","ROI 1","Rest","wilcox","Spatial",0.25,0.05,0.05,37,3619,TRUE,FALSE,2,298,0.236580036571862,0.00154982665695253,"Weakly structured"
"ZC3H12D",2.5376,0.00076040241538376,0.0257584326506544,0.135,0.035,"P2N_Spatial","ROI 1","Rest","wilcox","Spatial",0.25,0.05,0.05,37,3619,TRUE,FALSE,2,298,0.223966566397426,0.00622732015112214,"Weakly structured"
"RFWD3",2.5272,5.22546933554661e-05,0.00347319528502664,0.162,0.037,"P2N_Spatial","ROI 1","Rest","wilcox","Spatial",0.25,0.05,0.05,37,3619,TRUE,FALSE,2,298,-0.0330126409218092,0.891133151808677,"Not structured"
"MUC5B",2.5099,0.00101173022409852,0.0320220645532136,0.081,0.015,"P2N_Spatial","ROI 1","Rest","wilcox","Spatial",0.25,0.05,0.05,37,3619,TRUE,FALSE,2,298,0.03774021817881,0.514824874004888,"Not structured"
"MYLIP",2.4484,0.000592496670350244,0.0212481134623723,0.162,0.046,"P2N_Spatial","ROI 1","Rest","wilcox","Spatial",0.25,0.05,0.05,37,3619,TRUE,FALSE,2,298,-0.0411733005383049,0.891133151808677,"Not structured"
"ABCB9",2.3996,0.00116909891492203,0.0357269461510271,0.108,0.025,"P2N_Spatial","ROI 1","Rest","wilcox","Spatial",0.25,0.05,0.05,37,3619,TRUE,FALSE,2,298,0.00884428950637475,0.73081706892018,"Not structured"
"PBDC1",2.385,0.000495455101731695,0.0185528163916056,0.189,0.059,"P2N_Spatial","ROI 1","Rest","wilcox","Spatial",0.25,0.05,0.05,37,3619,TRUE,FALSE,2,298,0.0733643151383092,0.349721072099728,"Not structured"
"DUSP2",2.3624,3.77663432099217e-06,0.000412636100605939,0.162,0.03,"P2N_Spatial","ROI 1","Rest","wilcox","Spatial",0.25,0.05,0.05,37,3619,TRUE,FALSE,2,298,0.0586169731955158,0.444619727744527,"Not structured"
"SLAMF7",2.3529,3.67466944536592e-06,0.000407071715225535,0.27,0.075,"P2N_Spatial","ROI 1","Rest","wilcox","Spatial",0.25,0.05,0.05,37,3619,TRUE,FALSE,2,298,-0.059474779156254,0.891133151808677,"Not structured"
"HNRNPA1P48",2.3183,0.00030010819361502,0.0128003366431733,0.162,0.043,"P2N_Spatial","ROI 1","Rest","wilcox","Spatial",0.25,0.05,0.05,37,3619,TRUE,FALSE,2,298,-0.167228106561822,0.961807091999766,"Not structured"
"ITGAX",2.2867,1.80474059598192e-05,0.00150004803960953,0.189,0.044,"P2N_Spatial","ROI 1","Rest","wilcox","Spatial",0.25,0.05,0.05,37,3619,TRUE,FALSE,2,298,-0.030942110023221,0.891133151808677,"Not structured"
"CCL4L2",2.2803,3.01642383343537e-06,0.000353808771992361,0.27,0.074,"P2N_Spatial","ROI 1","Rest","wilcox","Spatial",0.25,0.05,0.05,37,3619,TRUE,FALSE,2,298,0.0924453178576897,0.25821363622316,"Not structured"
"ARHGEF6",2.2419,0.00066596504346648,0.023297092924073,0.162,0.046,"P2N_Spatial","ROI 1","Rest","wilcox","Spatial",0.25,0.05,0.05,37,3619,TRUE,FALSE,2,298,0.0910032093158688,0.250327886702347,"Not structured"
"CCL3",2.24,6.39003762021485e-06,0.000653422308446586,0.324,0.106,"P2N_Spatial","ROI 1","Rest","wilcox","Spatial",0.25,0.05,0.05,37,3619,TRUE,FALSE,2,298,-0.0984015640929146,0.8935812524372,"Not structured"
"CD83",2.2016,7.07832705824074e-06,0.00070274984632758,0.216,0.052,"P2N_Spatial","ROI 1","Rest","wilcox","Spatial",0.25,0.05,0.05,37,3619,TRUE,FALSE,2,298,-0.0347983212296983,0.891133151808677,"Not structured"
"PCED1B-AS1",2.1988,1.4587882475385e-05,0.00129281056248523,0.243,0.066,"P2N_Spatial","ROI 1","Rest","wilcox","Spatial",0.25,0.05,0.05,37,3619,TRUE,FALSE,2,298,0.000685388597825294,0.772919399504826,"Not structured"
"AC245060.5",2.1896,0.000452047441458844,0.0171691923479797,0.135,0.032,"P2N_Spatial","ROI 1","Rest","wilcox","Spatial",0.25,0.05,0.05,37,3619,TRUE,FALSE,2,298,-0.112258207334228,0.898447058254601,"Not structured"
"PSME2",-2.1668,0.000313948777765992,0.0131102379657673,0.081,0.384,"P2N_Spatial","ROI 1","Rest","wilcox","Spatial",0.25,0.05,0.05,37,3619,TRUE,FALSE,2,298,-0.0828302649020252,0.891133151808677,"Not structured"
"ISG20",2.1191,9.39177432023362e-06,0.000872366224072405,0.324,0.109,"P2N_Spatial","ROI 1","Rest","wilcox","Spatial",0.25,0.05,0.05,37,3619,TRUE,FALSE,2,298,0.140291706560105,0.100739331215966,"Not structured"
"EVI2B",2.067,0.000807494025770142,0.0268357181230944,0.216,0.076,"P2N_Spatial","ROI 1","Rest","wilcox","Spatial",0.25,0.05,0.05,37,3619,TRUE,FALSE,2,298,0.0448222427826555,0.520935565273574,"Not structured"
"DECR2",-2.0611,0.000120261866134925,0.00648113948846055,0.135,0.463,"P2N_Spatial","ROI 1","Rest","wilcox","Spatial",0.25,0.05,0.05,37,3619,TRUE,FALSE,2,298,0.186939328299594,0.0254244717714581,"Weakly structured"
"AMOTL2",2.0558,3.65351270417103e-05,0.00260182297575609,0.324,0.121,"P2N_Spatial","ROI 1","Rest","wilcox","Spatial",0.25,0.05,0.05,37,3619,TRUE,FALSE,2,298,-0.10611348409048,0.8935812524372,"Not structured"
"KLRB1",2.0215,0.000951352780831456,0.0305967329835149,0.216,0.077,"P2N_Spatial","ROI 1","Rest","wilcox","Spatial",0.25,0.05,0.05,37,3619,TRUE,FALSE,2,298,0.111708465046617,0.179912153231411,"Not structured"
"AHCYL2",1.9974,0.00163748714114033,0.0453492966588031,0.162,0.05,"P2N_Spatial","ROI 1","Rest","wilcox","Spatial",0.25,0.05,0.05,37,3619,TRUE,FALSE,2,298,-0.121405014989523,0.898901532386062,"Not structured"
"ARHGAP30",1.956,0.000251368235124024,0.0113643855394349,0.216,0.067,"P2N_Spatial","ROI 1","Rest","wilcox","Spatial",0.25,0.05,0.05,37,3619,TRUE,FALSE,2,298,-0.142069370038302,0.931166666160602,"Not structured"
"AC018521.5",1.9477,0.00176403504251365,0.0475335929023273,0.189,0.065,"P2N_Spatial","ROI 1","Rest","wilcox","Spatial",0.25,0.05,0.05,37,3619,TRUE,FALSE,2,298,0.00619866076128359,0.749180687669844,"Not structured"
"ITGA4",1.9455,0.000151509895991427,0.00755276831517263,0.297,0.113,"P2N_Spatial","ROI 1","Rest","wilcox","Spatial",0.25,0.05,0.05,37,3619,TRUE,FALSE,2,298,-0.0395348737156195,0.891133151808677,"Not structured"
"TUBB2B",1.9258,0.00109602253899091,0.0340150808209787,0.135,0.035,"P2N_Spatial","ROI 1","Rest","wilcox","Spatial",0.25,0.05,0.05,37,3619,TRUE,FALSE,2,298,-0.0205861952529474,0.891133151808677,"Not structured"
"STBD1",-1.9151,0.0014279642939754,0.0413806544810332,0.081,0.34,"P2N_Spatial","ROI 1","Rest","wilcox","Spatial",0.25,0.05,0.05,37,3619,TRUE,FALSE,2,298,-0.111570771751932,0.898901532386062,"Not structured"
"TRAF3IP3",1.9128,0.00172314157300941,0.0467475414500785,0.162,0.05,"P2N_Spatial","ROI 1","Rest","wilcox","Spatial",0.25,0.05,0.05,37,3619,TRUE,FALSE,2,298,-0.0270365476788243,0.891133151808677,"Not structured"
"CXCR4",1.9085,6.98390010068252e-11,2.93176774752862e-08,0.703,0.29,"P2N_Spatial","ROI 1","Rest","wilcox","Spatial",0.25,0.05,0.05,37,3619,TRUE,FALSE,2,298,-0.0916599219934585,0.891133151808677,"Not structured"
"CD38",1.886,4.04119032025815e-05,0.0027986991085279,0.297,0.102,"P2N_Spatial","ROI 1","Rest","wilcox","Spatial",0.25,0.05,0.05,37,3619,TRUE,FALSE,2,298,-0.0418305311821986,0.891133151808677,"Not structured"
"BCL2L11",1.8621,0.00119829537452028,0.0360664298383916,0.189,0.062,"P2N_Spatial","ROI 1","Rest","wilcox","Spatial",0.25,0.05,0.05,37,3619,TRUE,FALSE,2,298,0.143195037583559,0.0843248057904604,"Not structured"
"CCL4",1.86,2.05560209202782e-05,0.00169025590577462,0.405,0.165,"P2N_Spatial","ROI 1","Rest","wilcox","Spatial",0.25,0.05,0.05,37,3619,TRUE,FALSE,2,298,0.176281290172624,0.046793739554952,"Weakly structured"
"EGR3",1.8558,0.000149645354865404,0.00750673805287083,0.243,0.078,"P2N_Spatial","ROI 1","Rest","wilcox","Spatial",0.25,0.05,0.05,37,3619,TRUE,FALSE,2,298,0.0169826038277715,0.710110635165696,"Not structured"
"CD3E",1.8417,0.000175772823857503,0.00854856123833809,0.297,0.112,"P2N_Spatial","ROI 1","Rest","wilcox","Spatial",0.25,0.05,0.05,37,3619,TRUE,FALSE,2,298,0.036738532553153,0.56853583253868,"Not structured"
"CERT1",1.8207,0.000257964990453594,0.0115361046197059,0.324,0.136,"P2N_Spatial","ROI 1","Rest","wilcox","Spatial",0.25,0.05,0.05,37,3619,TRUE,FALSE,2,298,-0.100069733471975,0.8935812524372,"Not structured"
"GZMK",1.8141,0.0012092007783135,0.0361220427259494,0.243,0.094,"P2N_Spatial","ROI 1","Rest","wilcox","Spatial",0.25,0.05,0.05,37,3619,TRUE,FALSE,2,298,0.0278529945682117,0.625419148476001,"Not structured"
"MMP19",1.8135,0.000239977412973068,0.0110639297449317,0.27,0.098,"P2N_Spatial","ROI 1","Rest","wilcox","Spatial",0.25,0.05,0.05,37,3619,TRUE,FALSE,2,298,-0.00412142095861852,0.806067877585258,"Not structured"
"IGLC2",1.8124,5.82610748949949e-15,5.16322592624977e-12,1,0.956,"P2N_Spatial","ROI 1","Rest","wilcox","Spatial",0.25,0.05,0.05,37,3619,TRUE,FALSE,2,298,0.25053218362618,0.00356158842298377,"Weakly structured"
"NEXN",1.7901,0.000893197916667581,0.0290781493197577,0.216,0.075,"P2N_Spatial","ROI 1","Rest","wilcox","Spatial",0.25,0.05,0.05,37,3619,TRUE,FALSE,2,298,-0.115542723973761,0.898447058254601,"Not structured"
"ACAP1",1.784,0.000921925263743116,0.0297703477879154,0.216,0.076,"P2N_Spatial","ROI 1","Rest","wilcox","Spatial",0.25,0.05,0.05,37,3619,TRUE,FALSE,2,298,0.0621128391595377,0.436068469445742,"Not structured"
"RGS1",1.7508,0.000351032191811165,0.014140569504474,0.324,0.139,"P2N_Spatial","ROI 1","Rest","wilcox","Spatial",0.25,0.05,0.05,37,3619,TRUE,FALSE,2,298,-0.0834258318228106,0.891133151808677,"Not structured"
"LRRC14",1.7421,0.00111008667850014,0.0341855264390621,0.243,0.094,"P2N_Spatial","ROI 1","Rest","wilcox","Spatial",0.25,0.05,0.05,37,3619,TRUE,FALSE,2,298,0.106557833296168,0.199133042676948,"Not structured"
"IKZF3",1.7417,0.000485612183098658,0.0182700130773344,0.243,0.085,"P2N_Spatial","ROI 1","Rest","wilcox","Spatial",0.25,0.05,0.05,37,3619,TRUE,FALSE,2,298,0.164922593394983,0.0514271918787033,"Not structured"
"ZDHHC1",1.7194,0.000500335534922533,0.0185612847746145,0.243,0.086,"P2N_Spatial","ROI 1","Rest","wilcox","Spatial",0.25,0.05,0.05,37,3619,TRUE,FALSE,2,298,0.0104367081852355,0.735585246943925,"Not structured"
"TMEM43",1.7192,0.00107455744152843,0.033742795880436,0.243,0.093,"P2N_Spatial","ROI 1","Rest","wilcox","Spatial",0.25,0.05,0.05,37,3619,TRUE,FALSE,2,298,0.315744447599308,0.000250993640759826,"Spatially structured"
"CD69",1.6834,6.75013156449007e-05,0.00423929522506872,0.216,0.059,"P2N_Spatial","ROI 1","Rest","wilcox","Spatial",0.25,0.05,0.05,37,3619,TRUE,FALSE,2,298,0.0482703430423882,0.514824874004888,"Not structured"
"IGHGP",1.6667,7.92852869102679e-09,1.97618577623843e-06,0.865,0.629,"P2N_Spatial","ROI 1","Rest","wilcox","Spatial",0.25,0.05,0.05,37,3619,TRUE,FALSE,2,298,0.196605956200204,0.0257657233396968,"Weakly structured"
"CCL5",1.6646,6.45329812512266e-05,0.00415379816495419,0.459,0.216,"P2N_Spatial","ROI 1","Rest","wilcox","Spatial",0.25,0.05,0.05,37,3619,TRUE,FALSE,2,298,-0.0560138835497457,0.891133151808677,"Not structured"
"LCP1",1.6276,1.80547406974065e-05,0.00150004803960953,0.486,0.228,"P2N_Spatial","ROI 1","Rest","wilcox","Spatial",0.25,0.05,0.05,37,3619,TRUE,FALSE,2,298,0.0422203078480799,0.541537336235071,"Not structured"
"DPYS",-1.5981,4.45350330817098e-05,0.00301026630389591,0.162,0.559,"P2N_Spatial","ROI 1","Rest","wilcox","Spatial",0.25,0.05,0.05,37,3619,TRUE,FALSE,2,298,-0.0882076859423517,0.891133151808677,"Not structured"
"NEMF",1.5435,7.41151249725908e-05,0.00454724797524142,0.351,0.136,"P2N_Spatial","ROI 1","Rest","wilcox","Spatial",0.25,0.05,0.05,37,3619,TRUE,FALSE,2,298,-0.00414337937652863,0.806067877585258,"Not structured"
"MPHOSPH8",1.5207,0.000107553863067585,0.00595728897102122,0.351,0.138,"P2N_Spatial","ROI 1","Rest","wilcox","Spatial",0.25,0.05,0.05,37,3619,TRUE,FALSE,2,298,0.0139647334818105,0.72247627592266,"Not structured"
"FOSB",1.4898,3.26216466570211e-09,9.2925090620143e-07,0.784,0.403,"P2N_Spatial","ROI 1","Rest","wilcox","Spatial",0.25,0.05,0.05,37,3619,TRUE,FALSE,2,298,0.0139184759301211,0.72247627592266,"Not structured"
"DEK",1.4654,0.000439144634391702,0.0167589359038671,0.405,0.208,"P2N_Spatial","ROI 1","Rest","wilcox","Spatial",0.25,0.05,0.05,37,3619,TRUE,FALSE,2,298,-0.120142530510803,0.898447058254601,"Not structured"
"AC020916.1",1.4439,2.66058106555253e-05,0.00210106877018287,0.405,0.161,"P2N_Spatial","ROI 1","Rest","wilcox","Spatial",0.25,0.05,0.05,37,3619,TRUE,FALSE,2,298,-0.0084775219594932,0.830571319162084,"Not structured"
"ATRX",1.4399,2.28663833709532e-05,0.00184224518956286,0.459,0.199,"P2N_Spatial","ROI 1","Rest","wilcox","Spatial",0.25,0.05,0.05,37,3619,TRUE,FALSE,2,298,0.106184311213021,0.212633150118603,"Not structured"
"CCDC88A",1.415,0.000317248173477229,0.013134155121686,0.27,0.096,"P2N_Spatial","ROI 1","Rest","wilcox","Spatial",0.25,0.05,0.05,37,3619,TRUE,FALSE,2,298,-0.0530433337620644,0.891133151808677,"Not structured"
"IGLC3",1.3959,4.18756419563836e-08,7.95238381533609e-06,0.73,0.362,"P2N_Spatial","ROI 1","Rest","wilcox","Spatial",0.25,0.05,0.05,37,3619,TRUE,FALSE,2,298,0.441631291084262,4.88405839725289e-07,"Spatially structured"
"CCL21",1.3756,0.00118619010565744,0.0358373192527414,0.757,0.788,"P2N_Spatial","ROI 1","Rest","wilcox","Spatial",0.25,0.05,0.05,37,3619,TRUE,FALSE,2,298,0.499674339155844,1.42671355167126e-08,"Spatially structured"
"TGM2",-1.3655,0.000252151617481312,0.0113643855394349,0.27,0.584,"P2N_Spatial","ROI 1","Rest","wilcox","Spatial",0.25,0.05,0.05,37,3619,TRUE,FALSE,2,298,-0.0571500482318304,0.891133151808677,"Not structured"
"CMTM7",1.3628,0.00153095322822239,0.0430791123326351,0.243,0.093,"P2N_Spatial","ROI 1","Rest","wilcox","Spatial",0.25,0.05,0.05,37,3619,TRUE,FALSE,2,298,-0.10354745326596,0.8935812524372,"Not structured"
"CDC42SE1",1.3584,0.000280983683154394,0.0122465893816363,0.351,0.148,"P2N_Spatial","ROI 1","Rest","wilcox","Spatial",0.25,0.05,0.05,37,3619,TRUE,FALSE,2,298,0.170002141786526,0.0533940246746419,"Not structured"
"ADAMTSL2",1.3579,0.000122403828336941,0.00655230157594256,0.676,0.449,"P2N_Spatial","ROI 1","Rest","wilcox","Spatial",0.25,0.05,0.05,37,3619,TRUE,FALSE,2,298,0.277763662327997,0.00162187669221294,"Weakly structured"
"IGHG1",1.3322,6.46451002171881e-09,1.66325586881385e-06,0.946,0.891,"P2N_Spatial","ROI 1","Rest","wilcox","Spatial",0.25,0.05,0.05,37,3619,TRUE,FALSE,2,298,0.126505827583993,0.127755035922001,"Not structured"
"MALAT1",1.2983,2.54103873685507e-15,2.53341562064451e-12,1,0.988,"P2N_Spatial","ROI 1","Rest","wilcox","Spatial",0.25,0.05,0.05,37,3619,TRUE,FALSE,2,298,0.384532078730477,9.6057733957622e-06,"Spatially structured"
"EMP3",1.259,0.000386085785567972,0.0153204986352743,0.405,0.19,"P2N_Spatial","ROI 1","Rest","wilcox","Spatial",0.25,0.05,0.05,37,3619,TRUE,FALSE,2,298,-0.105604768344777,0.8935812524372,"Not structured"
"IMPDH2",1.2568,0.00180573550067736,0.0484934220653287,0.486,0.294,"P2N_Spatial","ROI 1","Rest","wilcox","Spatial",0.25,0.05,0.05,37,3619,TRUE,FALSE,2,298,-0.0361384066720074,0.891133151808677,"Not structured"
"EGR1",1.2527,4.73187210919472e-09,1.25804706476457e-06,0.919,0.757,"P2N_Spatial","ROI 1","Rest","wilcox","Spatial",0.25,0.05,0.05,37,3619,TRUE,FALSE,2,298,0.180729071286673,0.0388982257473251,"Weakly structured"
"FOS",1.2381,1.46872446373267e-13,9.76212193560981e-11,1,0.866,"P2N_Spatial","ROI 1","Rest","wilcox","Spatial",0.25,0.05,0.05,37,3619,TRUE,FALSE,2,298,0.137688927053676,0.100148676077553,"Not structured"
"KCTD12",1.2093,0.000392950902820873,0.0155157247569271,0.486,0.265,"P2N_Spatial","ROI 1","Rest","wilcox","Spatial",0.25,0.05,0.05,37,3619,TRUE,FALSE,2,298,-0.0468630818228486,0.891133151808677,"Not structured"
"IGHA1",1.2016,2.88277916866777e-09,8.84347948049774e-07,1,0.993,"P2N_Spatial","ROI 1","Rest","wilcox","Spatial",0.25,0.05,0.05,37,3619,TRUE,FALSE,2,298,0.529840277921759,2.11489551080556e-09,"Spatially structured"
"HLA-DPB1",1.1901,2.26792051700182e-08,4.63818821630936e-06,0.946,0.628,"P2N_Spatial","ROI 1","Rest","wilcox","Spatial",0.25,0.05,0.05,37,3619,TRUE,FALSE,2,298,0.00269741712209731,0.772919399504826,"Not structured"
"JCHAIN",1.1532,3.12618899403838e-09,9.23499385794449e-07,0.973,0.834,"P2N_Spatial","ROI 1","Rest","wilcox","Spatial",0.25,0.05,0.05,37,3619,TRUE,FALSE,2,298,0.32432528757069,0.000176289439035234,"Spatially structured"
"IGHM",1.1267,0.000175169198770466,0.00854856123833809,0.865,0.746,"P2N_Spatial","ROI 1","Rest","wilcox","Spatial",0.25,0.05,0.05,37,3619,TRUE,FALSE,2,298,0.260944136697236,0.00262649678388957,"Weakly structured"
"CBR1",-1.0569,0.00150896287222561,0.0428309176828167,0.297,0.58,"P2N_Spatial","ROI 1","Rest","wilcox","Spatial",0.25,0.05,0.05,37,3619,TRUE,FALSE,2,298,-0.0859570155920938,0.891133151808677,"Not structured"
"PRELP",1.0539,0.000214629531978965,0.0101294979116226,0.676,0.454,"P2N_Spatial","ROI 1","Rest","wilcox","Spatial",0.25,0.05,0.05,37,3619,TRUE,FALSE,2,298,0.122829281676257,0.155532060669811,"Not structured"
"LTBP4",1.0474,0.000669535276551313,0.023319709020844,0.622,0.44,"P2N_Spatial","ROI 1","Rest","wilcox","Spatial",0.25,0.05,0.05,37,3619,TRUE,FALSE,2,298,0.24643993811958,0.00598201717307578,"Weakly structured"
"HLA-DPA1",1.0418,0.000124396310278236,0.00661456647186143,0.757,0.581,"P2N_Spatial","ROI 1","Rest","wilcox","Spatial",0.25,0.05,0.05,37,3619,TRUE,FALSE,2,298,-0.0794029937181552,0.891133151808677,"Not structured"
"IGHG3",1.0325,1.48493283163172e-12,7.89588284339643e-10,1,1,"P2N_Spatial","ROI 1","Rest","wilcox","Spatial",0.25,0.05,0.05,37,3619,TRUE,FALSE,2,298,0.281730197242686,0.00120871108775575,"Weakly structured"
"TPM4",0.9947,0.00181387289108727,0.0485484905346042,0.459,0.256,"P2N_Spatial","ROI 1","Rest","wilcox","Spatial",0.25,0.05,0.05,37,3619,TRUE,FALSE,2,298,0.110541839639535,0.198671758583243,"Not structured"
"MTRNR2L1",-0.9608,0.00170348380941327,0.0463719688187039,0.351,0.652,"P2N_Spatial","ROI 1","Rest","wilcox","Spatial",0.25,0.05,0.05,37,3619,TRUE,FALSE,2,298,0.0882020177165047,0.287009445439355,"Not structured"
"AFM",-0.949,0.00153391021846394,0.0430791123326351,0.459,0.685,"P2N_Spatial","ROI 1","Rest","wilcox","Spatial",0.25,0.05,0.05,37,3619,TRUE,FALSE,2,298,0.171637513312247,0.0533940246746419,"Not structured"
"ORM1",-0.9482,1.66716276230929e-07,2.77026879003727e-05,0.973,0.989,"P2N_Spatial","ROI 1","Rest","wilcox","Spatial",0.25,0.05,0.05,37,3619,TRUE,FALSE,2,298,0.139959793929352,0.0823464903111247,"Not structured"
"G6PC",-0.9268,7.136752451421e-06,0.00070274984632758,0.703,0.884,"P2N_Spatial","ROI 1","Rest","wilcox","Spatial",0.25,0.05,0.05,37,3619,TRUE,FALSE,2,298,0.129025868491773,0.13646760534513,"Not structured"
"SAA1",-0.9171,2.71918392825542e-14,2.16882110117653e-11,1,1,"P2N_Spatial","ROI 1","Rest","wilcox","Spatial",0.25,0.05,0.05,37,3619,TRUE,FALSE,2,298,0.246727480266323,0.00489936586574014,"Weakly structured"
"IGKC",0.9091,6.00376274534443e-11,2.66033398093706e-08,1,1,"P2N_Spatial","ROI 1","Rest","wilcox","Spatial",0.25,0.05,0.05,37,3619,TRUE,FALSE,2,298,0.41507909661194,1.17587807738814e-06,"Spatially structured"
"CFI",-0.9072,0.000360440365618673,0.0143743617808727,0.568,0.773,"P2N_Spatial","ROI 1","Rest","wilcox","Spatial",0.25,0.05,0.05,37,3619,TRUE,FALSE,2,298,0.121777056552275,0.161781230474825,"Not structured"
"PLD3",0.8975,0.00111851502099708,0.0343125992595104,0.595,0.379,"P2N_Spatial","ROI 1","Rest","wilcox","Spatial",0.25,0.05,0.05,37,3619,TRUE,FALSE,2,298,0.152614562535625,0.0823464903111247,"Not structured"
"AQP9",-0.8943,0.000680686195988867,0.0236018070875806,0.405,0.701,"P2N_Spatial","ROI 1","Rest","wilcox","Spatial",0.25,0.05,0.05,37,3619,TRUE,FALSE,2,298,-0.0248687012200955,0.891133151808677,"Not structured"
"IGHG4",0.8899,4.8158389227768e-13,2.95470240369752e-10,1,1,"P2N_Spatial","ROI 1","Rest","wilcox","Spatial",0.25,0.05,0.05,37,3619,TRUE,FALSE,2,298,0.403673086898818,2.30143219002274e-06,"Spatially structured"
"ANXA1",0.8899,0.00100934658462775,0.0320220645532136,0.649,0.442,"P2N_Spatial","ROI 1","Rest","wilcox","Spatial",0.25,0.05,0.05,37,3619,TRUE,FALSE,2,298,-0.0097964965213492,0.833908634717345,"Not structured"
"SSR4",0.886,0.000132458362636719,0.00695057829204256,0.838,0.743,"P2N_Spatial","ROI 1","Rest","wilcox","Spatial",0.25,0.05,0.05,37,3619,TRUE,FALSE,2,298,0.207192439303777,0.0199603985429227,"Weakly structured"
"PLA2G2A",-0.8848,1.0710824310282e-05,0.000970790167031921,0.946,0.952,"P2N_Spatial","ROI 1","Rest","wilcox","Spatial",0.25,0.05,0.05,37,3619,TRUE,FALSE,2,298,-0.0856488921040438,0.891133151808677,"Not structured"
"GPNMB",0.8698,0.00122953246782593,0.0365923543409687,0.73,0.574,"P2N_Spatial","ROI 1","Rest","wilcox","Spatial",0.25,0.05,0.05,37,3619,TRUE,FALSE,2,298,0.00691813598038652,0.749180687669844,"Not structured"
"RPL17",0.8689,9.59019475417309e-09,2.31792101088741e-06,0.973,0.88,"P2N_Spatial","ROI 1","Rest","wilcox","Spatial",0.25,0.05,0.05,37,3619,TRUE,FALSE,2,298,0.0109143698484758,0.72247627592266,"Not structured"
"ACSM2B",-0.8636,0.00131170597890081,0.0384638488518855,0.486,0.72,"P2N_Spatial","ROI 1","Rest","wilcox","Spatial",0.25,0.05,0.05,37,3619,TRUE,FALSE,2,298,-0.0412641833047381,0.891133151808677,"Not structured"
"SAA2",-0.8527,1.24568239655518e-13,9.03232981356739e-11,1,1,"P2N_Spatial","ROI 1","Rest","wilcox","Spatial",0.25,0.05,0.05,37,3619,TRUE,FALSE,2,298,0.0503404871959473,0.512831478222159,"Not structured"
"ZFP36",0.8443,4.484491030092e-08,8.3182094083753e-06,0.946,0.8,"P2N_Spatial","ROI 1","Rest","wilcox","Spatial",0.25,0.05,0.05,37,3619,TRUE,FALSE,2,298,0.0968654054903151,0.213813434982065,"Not structured"
"SLC39A14",-0.8225,5.533421113047e-05,0.00364748485931098,0.703,0.873,"P2N_Spatial","ROI 1","Rest","wilcox","Spatial",0.25,0.05,0.05,37,3619,TRUE,FALSE,2,298,0.0352576575129464,0.585031905749807,"Not structured"
"CRP",-0.815,2.50951785968037e-09,8.70257149948287e-07,1,0.998,"P2N_Spatial","ROI 1","Rest","wilcox","Spatial",0.25,0.05,0.05,37,3619,TRUE,FALSE,2,298,0.0572417301831503,0.462445607497034,"Not structured"
"JUNB",0.8129,1.81119739715988e-06,0.000222247852919187,0.919,0.774,"P2N_Spatial","ROI 1","Rest","wilcox","Spatial",0.25,0.05,0.05,37,3619,TRUE,FALSE,2,298,0.000158656244515286,0.772919399504826,"Not structured"
"DEPP1",0.8097,0.000557651071537921,0.0202173861208475,0.865,0.794,"P2N_Spatial","ROI 1","Rest","wilcox","Spatial",0.25,0.05,0.05,37,3619,TRUE,FALSE,2,298,0.325373977174746,0.000190211283945661,"Spatially structured"
"IGLC1",0.8038,1.41530208757669e-06,0.000188140824175194,0.946,0.855,"P2N_Spatial","ROI 1","Rest","wilcox","Spatial",0.25,0.05,0.05,37,3619,TRUE,FALSE,2,298,0.0633464396081565,0.425298994186623,"Not structured"
"SAMHD1",0.7917,0.00168345607391802,0.046141737613643,0.568,0.358,"P2N_Spatial","ROI 1","Rest","wilcox","Spatial",0.25,0.05,0.05,37,3619,TRUE,FALSE,2,298,0.0227998842775602,0.682907620038111,"Not structured"
"HP",-0.7878,1.20334013858297e-08,2.74949177888099e-06,1,1,"P2N_Spatial","ROI 1","Rest","wilcox","Spatial",0.25,0.05,0.05,37,3619,TRUE,FALSE,2,298,0.390152995552933,4.46583236196774e-06,"Spatially structured"
"LBP",-0.7786,0.000312089618678783,0.0131102379657673,0.703,0.839,"P2N_Spatial","ROI 1","Rest","wilcox","Spatial",0.25,0.05,0.05,37,3619,TRUE,FALSE,2,298,-0.0811653406589893,0.891133151808677,"Not structured"
"HAO1",-0.7774,0.0015803027818215,0.0440716607965324,0.622,0.757,"P2N_Spatial","ROI 1","Rest","wilcox","Spatial",0.25,0.05,0.05,37,3619,TRUE,FALSE,2,298,-0.115722004593869,0.898447058254601,"Not structured"
"TMSB4X",0.7583,4.09705460133118e-05,0.0027986991085279,0.973,0.904,"P2N_Spatial","ROI 1","Rest","wilcox","Spatial",0.25,0.05,0.05,37,3619,TRUE,FALSE,2,298,0.285597625453268,0.00100048358608411,"Weakly structured"
"PTGDS",0.7541,3.33212903856415e-05,0.00243826249647593,0.919,0.748,"P2N_Spatial","ROI 1","Rest","wilcox","Spatial",0.25,0.05,0.05,37,3619,TRUE,FALSE,2,298,0.179712528341075,0.043105361944396,"Weakly structured"
"C7",0.7521,2.83720426300359e-07,4.43716494151307e-05,0.973,0.963,"P2N_Spatial","ROI 1","Rest","wilcox","Spatial",0.25,0.05,0.05,37,3619,TRUE,FALSE,2,298,0.385715230989339,1.511710139477e-06,"Spatially structured"
"STOM",-0.75,0.000980210748613019,0.0313982366704315,0.595,0.788,"P2N_Spatial","ROI 1","Rest","wilcox","Spatial",0.25,0.05,0.05,37,3619,TRUE,FALSE,2,298,-0.0310893223687803,0.891133151808677,"Not structured"
"NAMPT",-0.7406,0.000244118293778899,0.0111901581102327,0.595,0.824,"P2N_Spatial","ROI 1","Rest","wilcox","Spatial",0.25,0.05,0.05,37,3619,TRUE,FALSE,2,298,-0.0993704818293901,0.8935812524372,"Not structured"
"RPL31",0.7374,9.40615537490306e-06,0.000872366224072405,1,0.907,"P2N_Spatial","ROI 1","Rest","wilcox","Spatial",0.25,0.05,0.05,37,3619,TRUE,FALSE,2,298,0.0383033937282048,0.56781403907177,"Not structured"
"ACAT1",-0.7343,8.87319496751617e-05,0.00516588343510285,0.811,0.865,"P2N_Spatial","ROI 1","Rest","wilcox","Spatial",0.25,0.05,0.05,37,3619,TRUE,FALSE,2,298,-0.0068830325091633,0.821411068013102,"Not structured"
"VIM",0.7321,5.39301085229201e-06,0.000558631877375078,0.946,0.785,"P2N_Spatial","ROI 1","Rest","wilcox","Spatial",0.25,0.05,0.05,37,3619,TRUE,FALSE,2,298,0.212073498017213,0.0135988263553745,"Weakly structured"
"RPS16",0.7307,9.64275909296328e-07,0.000139837539137228,0.973,0.894,"P2N_Spatial","ROI 1","Rest","wilcox","Spatial",0.25,0.05,0.05,37,3619,TRUE,FALSE,2,298,-0.0278921796259358,0.891133151808677,"Not structured"
"RPS19",0.7277,5.02210325854558e-08,9.10370354321807e-06,1,0.906,"P2N_Spatial","ROI 1","Rest","wilcox","Spatial",0.25,0.05,0.05,37,3619,TRUE,FALSE,2,298,0.217116985054162,0.0123545469591615,"Weakly structured"
"AADAC",-0.7029,0.00129189414637628,0.0380226852822776,0.649,0.791,"P2N_Spatial","ROI 1","Rest","wilcox","Spatial",0.25,0.05,0.05,37,3619,TRUE,FALSE,2,298,-0.0226838331321145,0.891133151808677,"Not structured"
"TXNDC5",0.6988,0.00156645649457154,0.0438387964936932,0.757,0.66,"P2N_Spatial","ROI 1","Rest","wilcox","Spatial",0.25,0.05,0.05,37,3619,TRUE,FALSE,2,298,0.0184085345588511,0.710110635165696,"Not structured"
"FGL1",-0.6929,1.23722357906816e-11,6.16755954165477e-09,1,0.999,"P2N_Spatial","ROI 1","Rest","wilcox","Spatial",0.25,0.05,0.05,37,3619,TRUE,FALSE,2,298,0.0235977632234909,0.667070898703922,"Not structured"
"BHMT",-0.6868,0.000534739049103339,0.0195645809892121,0.838,0.859,"P2N_Spatial","ROI 1","Rest","wilcox","Spatial",0.25,0.05,0.05,37,3619,TRUE,FALSE,2,298,-0.110017634819948,0.898447058254601,"Not structured"
"RPL23",0.6833,0.000252193610892675,0.0113643855394349,0.892,0.806,"P2N_Spatial","ROI 1","Rest","wilcox","Spatial",0.25,0.05,0.05,37,3619,TRUE,FALSE,2,298,NA,NA,"Not tested"
"SH3BGRL3",0.6772,0.000708361413399332,0.0242484576535325,0.757,0.547,"P2N_Spatial","ROI 1","Rest","wilcox","Spatial",0.25,0.05,0.05,37,3619,TRUE,FALSE,2,298,NA,NA,"Not tested"
"RPS27",0.6757,1.11525335045878e-06,0.000153366564194124,1,0.987,"P2N_Spatial","ROI 1","Rest","wilcox","Spatial",0.25,0.05,0.05,37,3619,TRUE,FALSE,2,298,NA,NA,"Not tested"
"ACSL1",-0.6742,1.60786597225688e-06,0.000210235065487227,0.973,0.967,"P2N_Spatial","ROI 1","Rest","wilcox","Spatial",0.25,0.05,0.05,37,3619,TRUE,FALSE,2,298,NA,NA,"Not tested"
"SLC13A5",-0.6701,4.08766995826134e-05,0.0027986991085279,0.892,0.932,"P2N_Spatial","ROI 1","Rest","wilcox","Spatial",0.25,0.05,0.05,37,3619,TRUE,FALSE,2,298,NA,NA,"Not tested"
"HLA-DRA",0.6692,2.76476441867413e-06,0.000329448501247461,0.973,0.956,"P2N_Spatial","ROI 1","Rest","wilcox","Spatial",0.25,0.05,0.05,37,3619,TRUE,FALSE,2,298,NA,NA,"Not tested"
"CD74",0.6666,9.22839671615112e-06,0.000872366224072405,0.946,0.974,"P2N_Spatial","ROI 1","Rest","wilcox","Spatial",0.25,0.05,0.05,37,3619,TRUE,FALSE,2,298,NA,NA,"Not tested"
"RPS29",0.6664,3.14973560916906e-06,0.00035888987455332,0.973,0.961,"P2N_Spatial","ROI 1","Rest","wilcox","Spatial",0.25,0.05,0.05,37,3619,TRUE,FALSE,2,298,NA,NA,"Not tested"
"HGD",-0.6587,0.00166232272412998,0.0458778063932898,0.622,0.781,"P2N_Spatial","ROI 1","Rest","wilcox","Spatial",0.25,0.05,0.05,37,3619,TRUE,FALSE,2,298,NA,NA,"Not tested"
"HAMP",-0.6539,4.97656191551872e-07,7.48925619588252e-05,1,0.999,"P2N_Spatial","ROI 1","Rest","wilcox","Spatial",0.25,0.05,0.05,37,3619,TRUE,FALSE,2,298,NA,NA,"Not tested"
"RPS20",0.6539,0.00117434803043485,0.0357271034988004,0.892,0.818,"P2N_Spatial","ROI 1","Rest","wilcox","Spatial",0.25,0.05,0.05,37,3619,TRUE,FALSE,2,298,NA,NA,"Not tested"
"RPS15",0.6537,0.00042714213889209,0.0164583850232044,0.919,0.901,"P2N_Spatial","ROI 1","Rest","wilcox","Spatial",0.25,0.05,0.05,37,3619,TRUE,FALSE,2,298,NA,NA,"Not tested"
"HLA-DRB1",0.6526,0.000228740464665506,0.0106692043635794,0.973,0.772,"P2N_Spatial","ROI 1","Rest","wilcox","Spatial",0.25,0.05,0.05,37,3619,TRUE,FALSE,2,298,NA,NA,"Not tested"
"F9",-0.6523,0.000739914511705902,0.0252203339545567,0.703,0.863,"P2N_Spatial","ROI 1","Rest","wilcox","Spatial",0.25,0.05,0.05,37,3619,TRUE,FALSE,2,298,NA,NA,"Not tested"
"RPL35A",0.6398,0.000156596903234084,0.00770998086540157,0.919,0.855,"P2N_Spatial","ROI 1","Rest","wilcox","Spatial",0.25,0.05,0.05,37,3619,TRUE,FALSE,2,298,NA,NA,"Not tested"
"RPSA",0.6184,0.000280482884873533,0.0122465893816363,0.892,0.827,"P2N_Spatial","ROI 1","Rest","wilcox","Spatial",0.25,0.05,0.05,37,3619,TRUE,FALSE,2,298,NA,NA,"Not tested"
"RPS3",0.6172,3.1508817789828e-05,0.00243826249647593,0.919,0.823,"P2N_Spatial","ROI 1","Rest","wilcox","Spatial",0.25,0.05,0.05,37,3619,TRUE,FALSE,2,298,NA,NA,"Not tested"
"RPS5",0.6145,0.000438691132165596,0.0167589359038671,0.973,0.881,"P2N_Spatial","ROI 1","Rest","wilcox","Spatial",0.25,0.05,0.05,37,3619,TRUE,FALSE,2,298,NA,NA,"Not tested"
"PABPC1",0.6022,7.61928134908555e-05,0.00463903725498522,0.892,0.797,"P2N_Spatial","ROI 1","Rest","wilcox","Spatial",0.25,0.05,0.05,37,3619,TRUE,FALSE,2,298,NA,NA,"Not tested"
"ECHS1",-0.5984,0.00167247415391099,0.045998806384807,0.784,0.849,"P2N_Spatial","ROI 1","Rest","wilcox","Spatial",0.25,0.05,0.05,37,3619,TRUE,FALSE,2,298,NA,NA,"Not tested"
"RPS12",0.5854,3.64385301349393e-05,0.00260182297575609,1,0.966,"P2N_Spatial","ROI 1","Rest","wilcox","Spatial",0.25,0.05,0.05,37,3619,TRUE,FALSE,2,298,NA,NA,"Not tested"
"RPLP2",0.5795,6.88590176823669e-06,0.000695214588651339,0.973,0.906,"P2N_Spatial","ROI 1","Rest","wilcox","Spatial",0.25,0.05,0.05,37,3619,TRUE,FALSE,2,298,NA,NA,"Not tested"
"PCK1",-0.5724,1.01566532226403e-05,0.000931143288549186,0.946,0.984,"P2N_Spatial","ROI 1","Rest","wilcox","Spatial",0.25,0.05,0.05,37,3619,TRUE,FALSE,2,298,NA,NA,"Not tested"
"RPS14",0.565,0.000144894913564079,0.00736103076807068,0.973,0.873,"P2N_Spatial","ROI 1","Rest","wilcox","Spatial",0.25,0.05,0.05,37,3619,TRUE,FALSE,2,298,NA,NA,"Not tested"
"RPL11",0.5636,4.61012993525277e-05,0.00308994927425009,0.946,0.925,"P2N_Spatial","ROI 1","Rest","wilcox","Spatial",0.25,0.05,0.05,37,3619,TRUE,FALSE,2,298,NA,NA,"Not tested"
"NNMT",-0.5584,9.08387658807921e-07,0.000134172221604666,0.973,0.994,"P2N_Spatial","ROI 1","Rest","wilcox","Spatial",0.25,0.05,0.05,37,3619,TRUE,FALSE,2,298,NA,NA,"Not tested"
"APOB",-0.557,2.04507282205905e-08,4.4085137374981e-06,1,0.999,"P2N_Spatial","ROI 1","Rest","wilcox","Spatial",0.25,0.05,0.05,37,3619,TRUE,FALSE,2,298,NA,NA,"Not tested"
"GNAS",0.5566,0.000533655139686189,0.0195645809892121,0.946,0.87,"P2N_Spatial","ROI 1","Rest","wilcox","Spatial",0.25,0.05,0.05,37,3619,TRUE,FALSE,2,298,NA,NA,"Not tested"
"RPL37",0.5532,0.000118840718664975,0.00646333619848578,0.919,0.929,"P2N_Spatial","ROI 1","Rest","wilcox","Spatial",0.25,0.05,0.05,37,3619,TRUE,FALSE,2,298,NA,NA,"Not tested"
"RPL14",0.5471,0.00100519221545146,0.0320220645532136,0.865,0.737,"P2N_Spatial","ROI 1","Rest","wilcox","Spatial",0.25,0.05,0.05,37,3619,TRUE,FALSE,2,298,NA,NA,"Not tested"
"SAA4",-0.5462,2.76743349844281e-06,0.000329448501247461,0.946,0.986,"P2N_Spatial","ROI 1","Rest","wilcox","Spatial",0.25,0.05,0.05,37,3619,TRUE,FALSE,2,298,NA,NA,"Not tested"
"UGP2",-0.5439,0.000835583246153107,0.0273139834890048,0.838,0.904,"P2N_Spatial","ROI 1","Rest","wilcox","Spatial",0.25,0.05,0.05,37,3619,TRUE,FALSE,2,298,NA,NA,"Not tested"
"RPL13",0.5426,7.98528818694264e-08,1.38457953432727e-05,1,0.993,"P2N_Spatial","ROI 1","Rest","wilcox","Spatial",0.25,0.05,0.05,37,3619,TRUE,FALSE,2,298,NA,NA,"Not tested"
"RPL32",0.5346,0.000259398713221978,0.0115361046197059,0.973,0.961,"P2N_Spatial","ROI 1","Rest","wilcox","Spatial",0.25,0.05,0.05,37,3619,TRUE,FALSE,2,298,NA,NA,"Not tested"
"PLIN2",-0.534,7.08292407802917e-05,0.00441354706612193,1,0.954,"P2N_Spatial","ROI 1","Rest","wilcox","Spatial",0.25,0.05,0.05,37,3619,TRUE,FALSE,2,298,NA,NA,"Not tested"
"RPL21",0.5338,9.86918775190817e-05,0.00552173314647305,0.973,0.955,"P2N_Spatial","ROI 1","Rest","wilcox","Spatial",0.25,0.05,0.05,37,3619,TRUE,FALSE,2,298,NA,NA,"Not tested"
"TMSB10",0.5327,1.03944966219035e-06,0.000145450008870706,1,0.974,"P2N_Spatial","ROI 1","Rest","wilcox","Spatial",0.25,0.05,0.05,37,3619,TRUE,FALSE,2,298,NA,NA,"Not tested"
"HMGCS2",-0.5322,3.21649370917005e-05,0.00243826249647593,1,0.975,"P2N_Spatial","ROI 1","Rest","wilcox","Spatial",0.25,0.05,0.05,37,3619,TRUE,FALSE,2,298,NA,NA,"Not tested"
"LRG1",-0.5315,0.000703531699768314,0.0241869346437589,0.865,0.919,"P2N_Spatial","ROI 1","Rest","wilcox","Spatial",0.25,0.05,0.05,37,3619,TRUE,FALSE,2,298,NA,NA,"Not tested"
"RPL28",0.5313,1.74753853728418e-06,0.000217786990209041,1,0.974,"P2N_Spatial","ROI 1","Rest","wilcox","Spatial",0.25,0.05,0.05,37,3619,TRUE,FALSE,2,298,NA,NA,"Not tested"
"RPS25",0.5292,0.000789437903370356,0.0265677498619492,0.892,0.755,"P2N_Spatial","ROI 1","Rest","wilcox","Spatial",0.25,0.05,0.05,37,3619,TRUE,FALSE,2,298,NA,NA,"Not tested"
"A2M",-0.528,2.02165580774138e-09,7.32942123752056e-07,1,1,"P2N_Spatial","ROI 1","Rest","wilcox","Spatial",0.25,0.05,0.05,37,3619,TRUE,FALSE,2,298,NA,NA,"Not tested"
"AGT",-0.5237,3.3181871855891e-05,0.00243826249647593,1,0.974,"P2N_Spatial","ROI 1","Rest","wilcox","Spatial",0.25,0.05,0.05,37,3619,TRUE,FALSE,2,298,NA,NA,"Not tested"
"FGA",-0.5163,1.39271097558739e-10,5.55413137064252e-08,1,1,"P2N_Spatial","ROI 1","Rest","wilcox","Spatial",0.25,0.05,0.05,37,3619,TRUE,FALSE,2,298,NA,NA,"Not tested"
"RPL13A",0.5149,8.18106480448012e-06,0.000795758205860163,1,0.98,"P2N_Spatial","ROI 1","Rest","wilcox","Spatial",0.25,0.05,0.05,37,3619,TRUE,FALSE,2,298,NA,NA,"Not tested"
"RPL35",0.5133,0.000395003418395078,0.0155199372665967,0.973,0.904,"P2N_Spatial","ROI 1","Rest","wilcox","Spatial",0.25,0.05,0.05,37,3619,TRUE,FALSE,2,298,NA,NA,"Not tested"
"C4BPA",-0.5107,2.52816936524755e-05,0.00201646788572145,0.973,0.98,"P2N_Spatial","ROI 1","Rest","wilcox","Spatial",0.25,0.05,0.05,37,3619,TRUE,FALSE,2,298,NA,NA,"Not tested"
"RPS23",0.5037,0.00170062468953997,0.0463719688187039,0.973,0.826,"P2N_Spatial","ROI 1","Rest","wilcox","Spatial",0.25,0.05,0.05,37,3619,TRUE,FALSE,2,298,NA,NA,"Not tested"
"RPL23A",0.502,0.000426745227536786,0.0164583850232044,0.892,0.781,"P2N_Spatial","ROI 1","Rest","wilcox","Spatial",0.25,0.05,0.05,37,3619,TRUE,FALSE,2,298,NA,NA,"Not tested"
"C5",-0.4998,0.000762160243926084,0.0257584326506544,0.865,0.937,"P2N_Spatial","ROI 1","Rest","wilcox","Spatial",0.25,0.05,0.05,37,3619,TRUE,FALSE,2,298,NA,NA,"Not tested"
"CP",-0.497,2.2313026014293e-08,4.63818821630936e-06,0.973,0.998,"P2N_Spatial","ROI 1","Rest","wilcox","Spatial",0.25,0.05,0.05,37,3619,TRUE,FALSE,2,298,NA,NA,"Not tested"
"SERPINA3",-0.4951,3.39278510939323e-09,9.33132897673117e-07,1,1,"P2N_Spatial","ROI 1","Rest","wilcox","Spatial",0.25,0.05,0.05,37,3619,TRUE,FALSE,2,298,NA,NA,"Not tested"
"HLA-E",0.4927,0.00028579579590436,0.0122554154200708,0.973,0.902,"P2N_Spatial","ROI 1","Rest","wilcox","Spatial",0.25,0.05,0.05,37,3619,TRUE,FALSE,2,298,NA,NA,"Not tested"
"RPS11",0.49,0.000643099103779783,0.0226962763351661,1,0.951,"P2N_Spatial","ROI 1","Rest","wilcox","Spatial",0.25,0.05,0.05,37,3619,TRUE,FALSE,2,298,NA,NA,"Not tested"
"UBA52",0.4896,0.000324801306829497,0.0132852062731901,0.946,0.933,"P2N_Spatial","ROI 1","Rest","wilcox","Spatial",0.25,0.05,0.05,37,3619,TRUE,FALSE,2,298,NA,NA,"Not tested"
"RPL18A",0.4893,3.13803101794379e-06,0.00035888987455332,0.973,0.963,"P2N_Spatial","ROI 1","Rest","wilcox","Spatial",0.25,0.05,0.05,37,3619,TRUE,FALSE,2,298,NA,NA,"Not tested"
"ORM2",-0.4866,2.64647198897215e-09,8.79510857668413e-07,1,1,"P2N_Spatial","ROI 1","Rest","wilcox","Spatial",0.25,0.05,0.05,37,3619,TRUE,FALSE,2,298,NA,NA,"Not tested"
"SERPINF1",-0.4866,0.000567985608459409,0.020498883317069,0.865,0.926,"P2N_Spatial","ROI 1","Rest","wilcox","Spatial",0.25,0.05,0.05,37,3619,TRUE,FALSE,2,298,NA,NA,"Not tested"
"RPS18",0.4822,0.000268534944130575,0.0118333409634556,0.973,0.868,"P2N_Spatial","ROI 1","Rest","wilcox","Spatial",0.25,0.05,0.05,37,3619,TRUE,FALSE,2,298,NA,NA,"Not tested"
"FGG",-0.48,5.51194488662728e-10,2.09348916265425e-07,1,1,"P2N_Spatial","ROI 1","Rest","wilcox","Spatial",0.25,0.05,0.05,37,3619,TRUE,FALSE,2,298,NA,NA,"Not tested"
"RPL19",0.4796,6.60180420401965e-05,0.00417904685168736,0.973,0.938,"P2N_Spatial","ROI 1","Rest","wilcox","Spatial",0.25,0.05,0.05,37,3619,TRUE,FALSE,2,298,NA,NA,"Not tested"
"FTL",0.4731,2.89809439960326e-08,5.7788002328089e-06,1,0.999,"P2N_Spatial","ROI 1","Rest","wilcox","Spatial",0.25,0.05,0.05,37,3619,TRUE,FALSE,2,298,NA,NA,"Not tested"
"CYB5A",-0.4694,0.00125833324652603,0.03717209620108,0.865,0.917,"P2N_Spatial","ROI 1","Rest","wilcox","Spatial",0.25,0.05,0.05,37,3619,TRUE,FALSE,2,298,NA,NA,"Not tested"
"CFB",-0.4679,2.74276165686445e-07,4.37525339503017e-05,1,0.999,"P2N_Spatial","ROI 1","Rest","wilcox","Spatial",0.25,0.05,0.05,37,3619,TRUE,FALSE,2,298,NA,NA,"Not tested"
"RPL9",0.4591,8.65498827715673e-05,0.00511349529619275,1,0.974,"P2N_Spatial","ROI 1","Rest","wilcox","Spatial",0.25,0.05,0.05,37,3619,TRUE,FALSE,2,298,NA,NA,"Not tested"
"MGST1",-0.4589,1.78249554192663e-05,0.00150004803960953,0.973,0.989,"P2N_Spatial","ROI 1","Rest","wilcox","Spatial",0.25,0.05,0.05,37,3619,TRUE,FALSE,2,298,NA,NA,"Not tested"
"DCN",0.4543,2.1947811079763e-05,0.0017862830731856,1,0.906,"P2N_Spatial","ROI 1","Rest","wilcox","Spatial",0.25,0.05,0.05,37,3619,TRUE,FALSE,2,298,NA,NA,"Not tested"
"RPL12",0.4448,0.00145919333339472,0.0418652015365334,0.865,0.839,"P2N_Spatial","ROI 1","Rest","wilcox","Spatial",0.25,0.05,0.05,37,3619,TRUE,FALSE,2,298,NA,NA,"Not tested"
"CFHR2",-0.4416,0.000423627545642112,0.0164583850232044,1,0.972,"P2N_Spatial","ROI 1","Rest","wilcox","Spatial",0.25,0.05,0.05,37,3619,TRUE,FALSE,2,298,NA,NA,"Not tested"
"ITIH3",-0.4365,3.58296739504715e-06,0.000402503492153465,1,0.998,"P2N_Spatial","ROI 1","Rest","wilcox","Spatial",0.25,0.05,0.05,37,3619,TRUE,FALSE,2,298,NA,NA,"Not tested"
"CYP2C9",-0.4309,0.000153675881011937,0.00761316041584603,0.973,0.986,"P2N_Spatial","ROI 1","Rest","wilcox","Spatial",0.25,0.05,0.05,37,3619,TRUE,FALSE,2,298,NA,NA,"Not tested"
"C1QA",0.4299,0.000418956900233167,0.0163803933149987,0.973,0.889,"P2N_Spatial","ROI 1","Rest","wilcox","Spatial",0.25,0.05,0.05,37,3619,TRUE,FALSE,2,298,NA,NA,"Not tested"
"CYP2C8",-0.4256,1.22537975561635e-05,0.00109816055402203,0.973,0.994,"P2N_Spatial","ROI 1","Rest","wilcox","Spatial",0.25,0.05,0.05,37,3619,TRUE,FALSE,2,298,NA,NA,"Not tested"
"IGFBP7",0.4247,0.000517633925868677,0.019114112003373,1,0.97,"P2N_Spatial","ROI 1","Rest","wilcox","Spatial",0.25,0.05,0.05,37,3619,TRUE,FALSE,2,298,NA,NA,"Not tested"
"CFH",-0.4242,0.000183629891226204,0.00882308441216991,1,0.977,"P2N_Spatial","ROI 1","Rest","wilcox","Spatial",0.25,0.05,0.05,37,3619,TRUE,FALSE,2,298,NA,NA,"Not tested"
"APCS",-0.4182,0.00143711651093859,0.0413806544810332,0.946,0.972,"P2N_Spatial","ROI 1","Rest","wilcox","Spatial",0.25,0.05,0.05,37,3619,TRUE,FALSE,2,298,NA,NA,"Not tested"
"SOD2",-0.415,0.00102144864652616,0.0322018751173622,0.946,0.95,"P2N_Spatial","ROI 1","Rest","wilcox","Spatial",0.25,0.05,0.05,37,3619,TRUE,FALSE,2,298,NA,NA,"Not tested"
"MT1X",-0.4049,0.000337397353327235,0.0136603111174519,1,0.989,"P2N_Spatial","ROI 1","Rest","wilcox","Spatial",0.25,0.05,0.05,37,3619,TRUE,FALSE,2,298,NA,NA,"Not tested"
"SERPINC1",-0.4023,0.000178509485447277,0.00862904033895443,1,0.99,"P2N_Spatial","ROI 1","Rest","wilcox","Spatial",0.25,0.05,0.05,37,3619,TRUE,FALSE,2,298,NA,NA,"Not tested"
"MT1F",-0.4006,0.000455088022154635,0.0172027586004994,1,0.973,"P2N_Spatial","ROI 1","Rest","wilcox","Spatial",0.25,0.05,0.05,37,3619,TRUE,FALSE,2,298,NA,NA,"Not tested"
"SERPINA1",-0.3925,2.7813782337663e-09,8.84347948049774e-07,1,1,"P2N_Spatial","ROI 1","Rest","wilcox","Spatial",0.25,0.05,0.05,37,3619,TRUE,FALSE,2,298,NA,NA,"Not tested"
"RACK1",0.3916,0.000798862393088514,0.026726739105279,0.973,0.936,"P2N_Spatial","ROI 1","Rest","wilcox","Spatial",0.25,0.05,0.05,37,3619,TRUE,FALSE,2,298,NA,NA,"Not tested"
"RPL36",0.3862,0.00123421024132229,0.0365950218765301,1,0.949,"P2N_Spatial","ROI 1","Rest","wilcox","Spatial",0.25,0.05,0.05,37,3619,TRUE,FALSE,2,298,NA,NA,"Not tested"
"HLA-A",0.3812,0.000915146080073927,0.029671565588088,1,0.949,"P2N_Spatial","ROI 1","Rest","wilcox","Spatial",0.25,0.05,0.05,37,3619,TRUE,FALSE,2,298,NA,NA,"Not tested"
"HPX",-0.3807,1.79323131099306e-05,0.00150004803960953,1,0.998,"P2N_Spatial","ROI 1","Rest","wilcox","Spatial",0.25,0.05,0.05,37,3619,TRUE,FALSE,2,298,NA,NA,"Not tested"
"FABP1",-0.3699,1.55398785283752e-05,0.0013620447378277,1,0.999,"P2N_Spatial","ROI 1","Rest","wilcox","Spatial",0.25,0.05,0.05,37,3619,TRUE,FALSE,2,298,NA,NA,"Not tested"
"FGB",-0.3698,9.17569636284355e-08,1.55713519553277e-05,1,1,"P2N_Spatial","ROI 1","Rest","wilcox","Spatial",0.25,0.05,0.05,37,3619,TRUE,FALSE,2,298,NA,NA,"Not tested"
"RPL41",0.3649,0.000317814937122041,0.013134155121686,1,0.99,"P2N_Spatial","ROI 1","Rest","wilcox","Spatial",0.25,0.05,0.05,37,3619,TRUE,FALSE,2,298,NA,NA,"Not tested"
"GC",-0.3587,0.000282829070387559,0.0122554154200708,1,0.997,"P2N_Spatial","ROI 1","Rest","wilcox","Spatial",0.25,0.05,0.05,37,3619,TRUE,FALSE,2,298,NA,NA,"Not tested"
"RPL7",0.3523,0.000800863922537823,0.026726739105279,1,0.957,"P2N_Spatial","ROI 1","Rest","wilcox","Spatial",0.25,0.05,0.05,37,3619,TRUE,FALSE,2,298,NA,NA,"Not tested"
"IGFBP1",-0.3494,0.00062425497580291,0.0221291452755734,1,0.994,"P2N_Spatial","ROI 1","Rest","wilcox","Spatial",0.25,0.05,0.05,37,3619,TRUE,FALSE,2,298,NA,NA,"Not tested"
"EEF1A1",0.3446,1.00873754150376e-06,0.00014367304698275,1,0.999,"P2N_Spatial","ROI 1","Rest","wilcox","Spatial",0.25,0.05,0.05,37,3619,TRUE,FALSE,2,298,NA,NA,"Not tested"
"PLG",-0.3417,7.88555183414588e-05,0.00469366876336922,1,0.996,"P2N_Spatial","ROI 1","Rest","wilcox","Spatial",0.25,0.05,0.05,37,3619,TRUE,FALSE,2,298,NA,NA,"Not tested"
"TF",-0.3297,0.000541302893374083,0.0197143008107383,1,1,"P2N_Spatial","ROI 1","Rest","wilcox","Spatial",0.25,0.05,0.05,37,3619,TRUE,FALSE,2,298,NA,NA,"Not tested"
"RPS28",0.3252,0.0013233750371696,0.0386638802068304,1,0.98,"P2N_Spatial","ROI 1","Rest","wilcox","Spatial",0.25,0.05,0.05,37,3619,TRUE,FALSE,2,298,NA,NA,"Not tested"
"C3",-0.321,6.73638161675405e-08,1.19398621722734e-05,1,1,"P2N_Spatial","ROI 1","Rest","wilcox","Spatial",0.25,0.05,0.05,37,3619,TRUE,FALSE,2,298,NA,NA,"Not tested"
"MT2A",-0.3083,3.26959967872527e-08,6.36056757012507e-06,1,1,"P2N_Spatial","ROI 1","Rest","wilcox","Spatial",0.25,0.05,0.05,37,3619,TRUE,FALSE,2,298,NA,NA,"Not tested"
"CLU",-0.2857,0.000111427354500105,0.00612927296201957,1,1,"P2N_Spatial","ROI 1","Rest","wilcox","Spatial",0.25,0.05,0.05,37,3619,TRUE,FALSE,2,298,NA,NA,"Not tested"
