"sample","roi","spot_id"
"P2N_Spatial","TLS","P12_N_AAAGGCTACGGACCAT-1"
"P2N_Spatial","TLS","P12_N_AAATACCTATAAGCAT-1"
"P2N_Spatial","TLS","P12_N_AACACACGCTCGCCGC-1"
"P2N_Spatial","TLS","P12_N_AACATTGGTCAGCCGT-1"
"P2N_Spatial","TLS","P12_N_AACCCTACTGTCAATA-1"
"P2N_Spatial","TLS","P12_N_AACGCGAACGGCAACA-1"
"P2N_Spatial","TLS","P12_N_AACGCTGTTGCTGAAA-1"
"P2N_Spatial","TLS","P12_N_AACGGACGTACGTATA-1"
"P2N_Spatial","TLS","P12_N_AACTAGGCTTGGGTGT-1"
"P2N_Spatial","TLS","P12_N_AAGACCCAACTGAACA-1"
"P2N_Spatial","TLS","P12_N_AAGCTAGATCGAGTAA-1"
"P2N_Spatial","TLS","P12_N_AATAGAATCTGTTTCA-1"
"P2N_Spatial","TLS","P12_N_AATAGTCCGTCCCGAC-1"
"P2N_Spatial","TLS","P12_N_AATCATGTAAAGACTC-1"
"P2N_Spatial","TLS","P12_N_ACCCGGATGACGCATC-1"
"P2N_Spatial","TLS","P12_N_ACGCTAGTGATACACT-1"
"P2N_Spatial","TLS","P12_N_ACTACGCGTTAGAATT-1"
"P2N_Spatial","TLS","P12_N_ACTCCCTAGAATAGTA-1"
"P2N_Spatial","TLS","P12_N_ACTGAATGGCGAAAGT-1"
"P2N_Spatial","TLS","P12_N_ACTTATTTATGTGCCA-1"
"P2N_Spatial","TLS","P12_N_AGAATTATGGATTCGA-1"
"P2N_Spatial","TLS","P12_N_AGCAGCCAGATGAATA-1"
"P2N_Spatial","TLS","P12_N_AGCATATCAATATGCT-1"
"P2N_Spatial","TLS","P12_N_AGCCCGGTAGCCTGTA-1"
"P2N_Spatial","TLS","P12_N_AGCGTACGAGAGCTAG-1"
"P2N_Spatial","TLS","P12_N_AGGCAGGGAGCGTACT-1"
"P2N_Spatial","TLS","P12_N_AGGGTCGATGCGAACT-1"
"P2N_Spatial","TLS","P12_N_AGTCAAGATGACACTT-1"
"P2N_Spatial","TLS","P12_N_AGTCCAGCGGGTACGT-1"
"P2N_Spatial","TLS","P12_N_AGTGAGCCTCGCCGCC-1"
"P2N_Spatial","TLS","P12_N_AGTGCACGCTTAAGAA-1"
"P2N_Spatial","TLS","P12_N_ATAGTTCCACCCACTC-1"
"P2N_Spatial","TLS","P12_N_ATATGTCTCCCTAGCC-1"
"P2N_Spatial","TLS","P12_N_ATCGCACGATTGTTCA-1"
"P2N_Spatial","TLS","P12_N_ATGACTATGCGACATT-1"
"P2N_Spatial","TLS","P12_N_CAACTGCTCATCCGAT-1"
"P2N_Spatial","TLS","P12_N_CAATATTGGACTAGTG-1"
"P2N_Spatial","TLS","P12_N_CACATGTTTGGACATG-1"
"P2N_Spatial","TLS","P12_N_CAGACCTGTAAGTGTT-1"
"P2N_Spatial","TLS","P12_N_CAGTGTCGGCTGGCCC-1"
"P2N_Spatial","TLS","P12_N_CATAACGGACAGTCGT-1"
"P2N_Spatial","TLS","P12_N_CATCATTACCCTGAGG-1"
"P2N_Spatial","TLS","P12_N_CATCGAATGGATCTCT-1"
"P2N_Spatial","TLS","P12_N_CATCTTACACCACCTC-1"
"P2N_Spatial","TLS","P12_N_CATTCAGGTCAGTGCG-1"
"P2N_Spatial","TLS","P12_N_CCACAGTACCCATCCT-1"
"P2N_Spatial","TLS","P12_N_CCACTAAACTGAATCG-1"
"P2N_Spatial","TLS","P12_N_CCAGTCCATTATTCGA-1"
"P2N_Spatial","TLS","P12_N_CCATCTCACCAGTGAA-1"
"P2N_Spatial","TLS","P12_N_CCCTAGTGTCAGGTGT-1"
"P2N_Spatial","TLS","P12_N_CCGGAGCGTACTTTCT-1"
"P2N_Spatial","TLS","P12_N_CCTAACCCAAACAAGT-1"
"P2N_Spatial","TLS","P12_N_CCTATATTTGTCCTGG-1"
"P2N_Spatial","TLS","P12_N_CCTCACCTGAGGGAGC-1"
"P2N_Spatial","TLS","P12_N_CCTCGCGCTGTGCGAT-1"
"P2N_Spatial","TLS","P12_N_CCTGCGATAGAACTGT-1"
"P2N_Spatial","TLS","P12_N_CCTTCAGTTAAAGTGA-1"
"P2N_Spatial","TLS","P12_N_CGAGTTTATCGGACTG-1"
"P2N_Spatial","TLS","P12_N_CGCACGTGCGCTATCA-1"
"P2N_Spatial","TLS","P12_N_CGCCCAGCACGCCTAG-1"
"P2N_Spatial","TLS","P12_N_CGCTAGAGACCGCTGC-1"
"P2N_Spatial","TLS","P12_N_CGGAGCAATTTAATCG-1"
"P2N_Spatial","TLS","P12_N_CGGCAAACATCGTGCG-1"
"P2N_Spatial","TLS","P12_N_CGGGAGCTTCAGTGTA-1"
"P2N_Spatial","TLS","P12_N_CGGTTATCCAACAGTG-1"
"P2N_Spatial","TLS","P12_N_CGTCGGATAGTGTTGA-1"
"P2N_Spatial","TLS","P12_N_CGTGCTGGCCTAGTCG-1"
"P2N_Spatial","TLS","P12_N_CTAGGCGCCCTATCAG-1"
"P2N_Spatial","TLS","P12_N_CTATCGACGAAATACA-1"
"P2N_Spatial","TLS","P12_N_CTCTATTTGGCTGCAG-1"
"P2N_Spatial","TLS","P12_N_CTGACTGCGCAGCTCG-1"
"P2N_Spatial","TLS","P12_N_CTTGGCCAAGCTGGGA-1"
"P2N_Spatial","TLS","P12_N_CTTGTCAACATTCGAG-1"
"P2N_Spatial","TLS","P12_N_GAAACCTATACAAATG-1"
"P2N_Spatial","TLS","P12_N_GACGGGTTGGCCCGTA-1"
"P2N_Spatial","TLS","P12_N_GACGGTCAATAGAAGC-1"
"P2N_Spatial","TLS","P12_N_GAGCGCGCACGAGTAG-1"
"P2N_Spatial","TLS","P12_N_GATCTGCTATCTAAGG-1"
"P2N_Spatial","TLS","P12_N_GCCCGATCTGTGGTCG-1"
"P2N_Spatial","TLS","P12_N_GCGCAAGAGCGCGCTG-1"
"P2N_Spatial","TLS","P12_N_GCGGTAACCCAAATGA-1"
"P2N_Spatial","TLS","P12_N_GCGTCGCCAGGGTGAT-1"
"P2N_Spatial","TLS","P12_N_GCGTGGTACTGGGTTA-1"
"P2N_Spatial","TLS","P12_N_GCTACTATAGTAGAGT-1"
"P2N_Spatial","TLS","P12_N_GCTGCTAAGTAGTCGA-1"
"P2N_Spatial","TLS","P12_N_GCTGTTGCTACCGAAC-1"
"P2N_Spatial","TLS","P12_N_GCTTGGATCGATTAGG-1"
"P2N_Spatial","TLS","P12_N_GCTTTCAGAGGAGGTG-1"
"P2N_Spatial","TLS","P12_N_GGACCAACAGGATAAC-1"
"P2N_Spatial","TLS","P12_N_GGGCAGAGCAATCGTT-1"
"P2N_Spatial","TLS","P12_N_GGGTAATGCTGTGTTT-1"
"P2N_Spatial","TLS","P12_N_GGTACCATTAAGACGG-1"
"P2N_Spatial","TLS","P12_N_GGTTAGCTATATGTCT-1"
"P2N_Spatial","TLS","P12_N_GTATTCTTACCGTGCT-1"
"P2N_Spatial","TLS","P12_N_GTCTATTGGTTCCGGT-1"
"P2N_Spatial","TLS","P12_N_GTGAACTCCCATTCGA-1"
"P2N_Spatial","TLS","P12_N_TAAGTTGCGACGTAGG-1"
"P2N_Spatial","TLS","P12_N_TACCGCGGACTTGCAG-1"
"P2N_Spatial","TLS","P12_N_TACCGTAGGTTAACTA-1"
"P2N_Spatial","TLS","P12_N_TACCTCAGTTGTCTGT-1"
"P2N_Spatial","TLS","P12_N_TACGCCTCCATTCCGA-1"
"P2N_Spatial","TLS","P12_N_TAGAGGTTCTACTTGT-1"
"P2N_Spatial","TLS","P12_N_TAGCTAGTGATGATGG-1"
"P2N_Spatial","TLS","P12_N_TAGGGAGCTTGGGATG-1"
"P2N_Spatial","TLS","P12_N_TATATCCCTGGGAGGA-1"
"P2N_Spatial","TLS","P12_N_TATCCGCACCGTCGGG-1"
"P2N_Spatial","TLS","P12_N_TATTACCATCCTGCTT-1"
"P2N_Spatial","TLS","P12_N_TCACAGGGAATCGCAA-1"
"P2N_Spatial","TLS","P12_N_TCAGAACCTCCACAGG-1"
"P2N_Spatial","TLS","P12_N_TCAGACGCTATAGAAG-1"
"P2N_Spatial","TLS","P12_N_TCCACCTCTAGCCTTT-1"
"P2N_Spatial","TLS","P12_N_TCCGCTGTCATCCCGG-1"
"P2N_Spatial","TLS","P12_N_TCCTACATCCACGGCC-1"
"P2N_Spatial","TLS","P12_N_TCGCAAAGATGCATTT-1"
"P2N_Spatial","TLS","P12_N_TCTAGGTGGCGACGCT-1"
"P2N_Spatial","TLS","P12_N_TCTGAATTCCGTACAA-1"
"P2N_Spatial","TLS","P12_N_TCTGGGAACCTTTGAA-1"
"P2N_Spatial","TLS","P12_N_TCTTCCCATGGGCACA-1"
"P2N_Spatial","TLS","P12_N_TCTTTAAGACTATGAA-1"
"P2N_Spatial","TLS","P12_N_TGACGATGCACTAGAA-1"
"P2N_Spatial","TLS","P12_N_TGAGGAGTGCCAGCTT-1"
"P2N_Spatial","TLS","P12_N_TGCTTGAAACCATGCA-1"
"P2N_Spatial","TLS","P12_N_TGGAAACGGAGTGAAC-1"
"P2N_Spatial","TLS","P12_N_TGGACCACGGCGTTGA-1"
"P2N_Spatial","TLS","P12_N_TGGGCCCATACTAATT-1"
"P2N_Spatial","TLS","P12_N_TGTCGGCATGGTGGAA-1"
"P2N_Spatial","TLS","P12_N_TGTGCCGGTGCCGGAA-1"
"P2N_Spatial","TLS","P12_N_TTAGAAGAACATGACT-1"
"P2N_Spatial","TLS","P12_N_TTAGAATAAGGGTCGG-1"
"P2N_Spatial","TLS","P12_N_TTAGCTGATTTGCCGT-1"
"P2N_Spatial","TLS","P12_N_TTAGTTATTCGTGGCA-1"
"P2N_Spatial","TLS","P12_N_TTCAGCCCTGGTCCAC-1"
"P2N_Spatial","TLS","P12_N_TTCTAGAAAGTCTTAT-1"
"P2N_Spatial","TLS","P12_N_TTCTGCCGCGCCTAGA-1"
"P2N_Spatial","TLS","P12_N_TTGAATTCACGTGAGG-1"
"P2N_Spatial","TLS","P12_N_TTGTGTATGCCACCAA-1"
"P2N_Spatial","TLS","P12_N_AAATTGCGGCGGTTCT-1"
"P2N_Spatial","TLS","P12_N_AACTCTCAATAGAGCG-1"
"P2N_Spatial","TLS","P12_N_ACCCGTGTCATCAGTA-1"
"P2N_Spatial","TLS","P12_N_AGCGCATAATGAATCG-1"
"P2N_Spatial","TLS","P12_N_ATCTGCACCTCTGCGA-1"
"P2N_Spatial","TLS","P12_N_ATGTGGACATCTTGAT-1"
"P2N_Spatial","TLS","P12_N_CACATATTAGCAGGAT-1"
"P2N_Spatial","TLS","P12_N_CATACACGGTTCCCAC-1"
"P2N_Spatial","TLS","P12_N_CATACGGGTGCATGAT-1"
"P2N_Spatial","TLS","P12_N_CCAGTCTTGTCATAGA-1"
"P2N_Spatial","TLS","P12_N_CCATACCTTTACTTGT-1"
"P2N_Spatial","TLS","P12_N_CCCGCAGCGCGAACTA-1"
"P2N_Spatial","TLS","P12_N_CCTGTGCATAGGAGAC-1"
"P2N_Spatial","TLS","P12_N_CGCCACCCGCATTAAC-1"
"P2N_Spatial","TLS","P12_N_CTGGTTTCGAGCAAGA-1"
"P2N_Spatial","TLS","P12_N_GCTTCCAGCTTAGATT-1"
"P2N_Spatial","TLS","P12_N_GTATATGTTACGGCGG-1"
"P2N_Spatial","TLS","P12_N_GTTTGGGCTTGTGAGC-1"
"P2N_Spatial","TLS","P12_N_TTACCCTAGGGATTGG-1"
"P2N_Spatial","TLS","P12_N_TTAGAGTTTAGAAGGA-1"
"P2N_Spatial","TLS","P12_N_TTCAGAGTAACCTGAC-1"
